Workbook

Sheet Indice
A1: Tablas del atlas descriptivo (V10). Generado por src/v10/tablas_excel.py; no editar a mano.
A2: Azul: datos de entrada (fuente y fecha en la cabecera). Negro: cálculos de cada hoja. Verde: vínculos a otras pestañas.
A4: Hoja | B4: Contenido | C4: Filas (vínculo)
A5: IPVA_nuevo_existente | B5: INE, IPVA (59004, 59005) · 2015-2024 · capa C4 | C5: =COUNTA('IPVA_nuevo_existente'!A5:A100000)
A6: Provincias | B6: MIVAU (valor tasado, SERPAVI); INE (censo anual, ADRH); V5-A4 · 2023-2025 · capa C4 | C6: =COUNTA('Provincias'!A5:A100000)
A7: CV_municipios | B7: INE censo anual; MIVAU SERPAVI; INE VUT; Catastro · 2019-2026 · capa C4 | C7: =COUNTA('CV_municipios'!A5:A100000)
A8: Valencia_barrios | B8: INE (censo anual, ADRH, VUT, Censo 2021); MIVAU SERPAVI; Ajuntament de València · 2019-2026 · capa C4 (recuentos de población por barrio repartidos por área) | C8: =COUNTA('Valencia_barrios'!A5:A100000)
A9: Quien_ECV | B9: INE ECV (microdatos), cálculo propio · ECV 2025 · capa C1 o C4 según fila (columna capa) | C9: =COUNTA('Quien_ECV'!A5:A100000)
A11: Brecha IPVA España, último año (vínculo) | C11: =SUMIFS('IPVA_nuevo_existente'!H5:H268,'IPVA_nuevo_existente'!A5:A268,"nacional",'IPVA_nuevo_existente'!D5:D268,MAX('IPVA_nuevo_existente'!D5:D268))

Sheet IPVA_nuevo_existente
A1: IPVA_nuevo_existente: datos de entrada en azul; cálculos de esta hoja en negro
A2: Fuente: INE, IPVA (59004, 59005). Fecha del dato: 2015-2024. Capa: C4.
A4: nivel | B4: territorio_codigo | C4: nombre | D4: periodo | E4: nuevo | F4: existente | G4: total | H4: brecha_nuevo_menos_existente
A5: nacional | B5: 00 | C5: España | D5: 2021 | E5: 114.871 | F5: 112.229 | G5: 112.694 | H5: =IF(AND(ISNUMBER(E5),ISNUMBER(F5)),E5-F5,"")
A6: nacional | B6: 00 | C6: España | D6: 2022 | E6: 120.958 | F6: 114.639 | G6: 115.684 | H6: =IF(AND(ISNUMBER(E6),ISNUMBER(F6)),E6-F6,"")
A7: nacional | B7: 00 | C7: España | D7: 2023 | E7: 125.959 | F7: 117.361 | G7: 118.727 | H7: =IF(AND(ISNUMBER(E7),ISNUMBER(F7)),E7-F7,"")
A8: nacional | B8: 00 | C8: España | D8: 2024 | E8: 137.041 | F8: 120.637 | G8: 122.92 | H8: =IF(AND(ISNUMBER(E8),ISNUMBER(F8)),E8-F8,"")
A9: ccaa | B9: 01 | C9: Andalucía | D9: 2021 | E9: 114.939 | F9: 111.729 | G9: 112.471 | H9: =IF(AND(ISNUMBER(E9),ISNUMBER(F9)),E9-F9,"")
A10: ccaa | B10: 01 | C10: Andalucía | D10: 2022 | E10: 120.976 | F10: 114.043 | G10: 115.57 | H10: =IF(AND(ISNUMBER(E10),ISNUMBER(F10)),E10-F10,"")
A11: ccaa | B11: 01 | C11: Andalucía | D11: 2023 | E11: 125.4 | F11: 116.656 | G11: 118.53 | H11: =IF(AND(ISNUMBER(E11),ISNUMBER(F11)),E11-F11,"")
A12: ccaa | B12: 01 | C12: Andalucía | D12: 2024 | E12: 136.009 | F12: 120.001 | G12: 123.029 | H12: =IF(AND(ISNUMBER(E12),ISNUMBER(F12)),E12-F12,"")
A13: ccaa | B13: 02 | C13: Aragón | D13: 2021 | E13: 114.284 | F13: 110.127 | G13: 110.742 | H13: =IF(AND(ISNUMBER(E13),ISNUMBER(F13)),E13-F13,"")
A14: ccaa | B14: 02 | C14: Aragón | D14: 2022 | E14: 120.309 | F14: 112.432 | G14: 113.566 | H14: =IF(AND(ISNUMBER(E14),ISNUMBER(F14)),E14-F14,"")
A15: ccaa | B15: 02 | C15: Aragón | D15: 2023 | E15: 124.339 | F15: 114.863 | G15: 116.212 | H15: =IF(AND(ISNUMBER(E15),ISNUMBER(F15)),E15-F15,"")
A16: ccaa | B16: 02 | C16: Aragón | D16: 2024 | E16: 134.141 | F16: 117.745 | G16: 119.907 | H16: =IF(AND(ISNUMBER(E16),ISNUMBER(F16)),E16-F16,"")
... A268: provincia | B268: 52 | C268: Melilla | D268: 2024 | E268: 114.402 | F268: 107.633 | G268: 108.771 | H268: =IF(AND(ISNUMBER(E268),ISNUMBER(F268)),E268-F268,"")

Sheet Provincias
A1: Provincias: datos de entrada en azul; cálculos de esta hoja en negro
A2: Fuente: MIVAU (valor tasado, SERPAVI); INE (censo anual, ADRH); V5-A4. Fecha del dato: 2023-2025. Capa: C4.
A4: cod_provincia | B4: nombre | C4: pob_2025 | D4: valor_tasado_2024 | E4: alquiler_m2_2024 | F4: renta_neta_persona_2023 | G4: deficit_2021_2025_mediana | H4: alquiler_80m2_pct_renta | I4: deficit_por_1000_hab
A5: 01 | B5: Araba/Álava | C5: 341961 | D5: 2133.075 | E5: 8.83 | F5: 17764.64 | G5: 4448.43 | H5: =IF(AND(ISNUMBER(E5),ISNUMBER(F5)),100*E5*80*12/F5,"") | I5: =IF(AND(ISNUMBER(G5),ISNUMBER(C5)),1000*G5/C5,"")
A6: 02 | B6: Albacete | C6: 390751 | D6: 1011.05 | E6: 5.3657 | F6: 13073.191 | G6: 4641.783 | H6: =IF(AND(ISNUMBER(E6),ISNUMBER(F6)),100*E6*80*12/F6,"") | I6: =IF(AND(ISNUMBER(G6),ISNUMBER(C6)),1000*G6/C6,"")
A7: 03 | B7: Alicante/Alacant | C7: 2033566 | D7: 1596.35 | E7: 6.2044 | F7: 12321.959 | G7: 57280.015 | H7: =IF(AND(ISNUMBER(E7),ISNUMBER(F7)),100*E7*80*12/F7,"") | I7: =IF(AND(ISNUMBER(G7),ISNUMBER(C7)),1000*G7/C7,"")
A8: 04 | B8: Almería | C8: 770554 | D8: 1243.65 | E8: 5.9378 | F8: 11546.096 | G8: 19643.408 | H8: =IF(AND(ISNUMBER(E8),ISNUMBER(F8)),100*E8*80*12/F8,"") | I8: =IF(AND(ISNUMBER(G8),ISNUMBER(C8)),1000*G8/C8,"")
A9: 05 | B9: Ávila | C9: 160738 | D9: 939.375 | E9: 5.2809 | F9: 13631.146 | G9: 1726.868 | H9: =IF(AND(ISNUMBER(E9),ISNUMBER(F9)),100*E9*80*12/F9,"") | I9: =IF(AND(ISNUMBER(G9),ISNUMBER(C9)),1000*G9/C9,"")
A10: 06 | B10: Badajoz | C10: 665155 | D10: 924.775 | E10: 5.1537 | F10: 12082.228 | G10: 7223.87 | H10: =IF(AND(ISNUMBER(E10),ISNUMBER(F10)),100*E10*80*12/F10,"") | I10: =IF(AND(ISNUMBER(G10),ISNUMBER(C10)),1000*G10/C10,"")
A11: 07 | B11: Balears, Illes | C11: 1249844 | D11: 3167.025 | E11: 9.6154 | F11: 16171.064 | G11: 15972.308 | H11: =IF(AND(ISNUMBER(E11),ISNUMBER(F11)),100*E11*80*12/F11,"") | I11: =IF(AND(ISNUMBER(G11),ISNUMBER(C11)),1000*G11/C11,"")
A12: 08 | B12: Barcelona | C12: 5959941 | D12: 2692.8 | E12: 10.9842 | F12: 17072.439 | G12: 89835.615 | H12: =IF(AND(ISNUMBER(E12),ISNUMBER(F12)),100*E12*80*12/F12,"") | I12: =IF(AND(ISNUMBER(G12),ISNUMBER(C12)),1000*G12/C12,"")
A13: 09 | B13: Burgos | C13: 362663 | D13: 1197.875 | E13: 6.7073 | F13: 15991.082 | G13: 4389.597 | H13: =IF(AND(ISNUMBER(E13),ISNUMBER(F13)),100*E13*80*12/F13,"") | I13: =IF(AND(ISNUMBER(G13),ISNUMBER(C13)),1000*G13/C13,"")
A14: 10 | B14: Cáceres | C14: 388190 | D14: 862.125 | E14: 4.7381 | F14: 12760.542 | G14: 1054.392 | H14: =IF(AND(ISNUMBER(E14),ISNUMBER(F14)),100*E14*80*12/F14,"") | I14: =IF(AND(ISNUMBER(G14),ISNUMBER(C14)),1000*G14/C14,"")
A15: 11 | B15: Cádiz | C15: 1261420 | D15: 1639.05 | E15: 7.1429 | F15: 12353.371 | G15: 17193.765 | H15: =IF(AND(ISNUMBER(E15),ISNUMBER(F15)),100*E15*80*12/F15,"") | I15: =IF(AND(ISNUMBER(G15),ISNUMBER(C15)),1000*G15/C15,"")
A16: 12 | B16: Castellón/Castelló | C16: 627620 | D16: 1168.85 | E16: 5.1671 | F16: 14035.644 | G16: 19633.18 | H16: =IF(AND(ISNUMBER(E16),ISNUMBER(F16)),100*E16*80*12/F16,"") | I16: =IF(AND(ISNUMBER(G16),ISNUMBER(C16)),1000*G16/C16,"")
... A54: 50 | B54: Zaragoza | C54: 998443 | D54: 1529.8 | E54: 7.4468 | F54: 15662.834 | G54: 17396.998 | H54: =IF(AND(ISNUMBER(E54),ISNUMBER(F54)),100*E54*80*12/F54,"") | I54: =IF(AND(ISNUMBER(G54),ISNUMBER(C54)),1000*G54/C54,"")
A55: 51 | B55: Ceuta | C55: 83567 | E55: 9.4488 | F55: 14611.621 | G55: 1066.787 | H55: =IF(AND(ISNUMBER(E55),ISNUMBER(F55)),100*E55*80*12/F55,"") | I55: =IF(AND(ISNUMBER(G55),ISNUMBER(C55)),1000*G55/C55,"")
A56: 52 | B56: Melilla | C56: 87067 | E56: 9.104 | F56: 13978.762 | G56: 997.367 | H56: =IF(AND(ISNUMBER(E56),ISNUMBER(F56)),100*E56*80*12/F56,"") | I56: =IF(AND(ISNUMBER(G56),ISNUMBER(C56)),1000*G56/C56,"")

Sheet CV_municipios
A1: CV_municipios: datos de entrada en azul; cálculos de esta hoja en negro
A2: Fuente: INE censo anual; MIVAU SERPAVI; INE VUT; Catastro. Fecha del dato: 2019-2026. Capa: C4.
A4: cod_municipio | B4: nombre | C4: pob_2021 | D4: pob_2025 | E4: alquiler_m2_2019 | F4: alquiler_m2_2024 | G4: vut_ine_2026_05 | H4: inmuebles_residenciales_catastro | I4: var_pob_pct | J4: var_alquiler_pct | K4: vut_por_100_inmuebles
A5: 03001 | B5: Atzúbia, l' | C5: 625 | D5: 601 | H5: 593 | I5: =IF(AND(ISNUMBER(D5),C5>0),100*(D5/C5-1),"") | J5: =IF(AND(ISNUMBER(F5),ISNUMBER(E5)),100*(F5/E5-1),"") | K5: =IF(AND(ISNUMBER(G5),ISNUMBER(H5)),100*G5/H5,"")
A6: 03002 | B6: Agost | C6: 4909 | D6: 5224 | E6: 2.6889 | F6: 3.3784 | H6: 2929 | I6: =IF(AND(ISNUMBER(D6),C6>0),100*(D6/C6-1),"") | J6: =IF(AND(ISNUMBER(F6),ISNUMBER(E6)),100*(F6/E6-1),"") | K6: =IF(AND(ISNUMBER(G6),ISNUMBER(H6)),100*G6/H6,"")
A7: 03003 | B7: Agres | C7: 582 | D7: 625 | H7: 608 | I7: =IF(AND(ISNUMBER(D7),C7>0),100*(D7/C7-1),"") | J7: =IF(AND(ISNUMBER(F7),ISNUMBER(E7)),100*(F7/E7-1),"") | K7: =IF(AND(ISNUMBER(G7),ISNUMBER(H7)),100*G7/H7,"")
A8: 03004 | B8: Aigües | C8: 1045 | D8: 1187 | H8: 970 | I8: =IF(AND(ISNUMBER(D8),C8>0),100*(D8/C8-1),"") | J8: =IF(AND(ISNUMBER(F8),ISNUMBER(E8)),100*(F8/E8-1),"") | K8: =IF(AND(ISNUMBER(G8),ISNUMBER(H8)),100*G8/H8,"")
A9: 03005 | B9: Albatera | C9: 12704 | D9: 13476 | E9: 2.6846 | F9: 3.5356 | H9: 6744 | I9: =IF(AND(ISNUMBER(D9),C9>0),100*(D9/C9-1),"") | J9: =IF(AND(ISNUMBER(F9),ISNUMBER(E9)),100*(F9/E9-1),"") | K9: =IF(AND(ISNUMBER(G9),ISNUMBER(H9)),100*G9/H9,"")
A10: 03006 | B10: Alcalalí | C10: 1321 | D10: 1405 | H10: 1073 | I10: =IF(AND(ISNUMBER(D10),C10>0),100*(D10/C10-1),"") | J10: =IF(AND(ISNUMBER(F10),ISNUMBER(E10)),100*(F10/E10-1),"") | K10: =IF(AND(ISNUMBER(G10),ISNUMBER(H10)),100*G10/H10,"")
A11: 03007 | B11: Alcosser | C11: 245 | D11: 263 | H11: 224 | I11: =IF(AND(ISNUMBER(D11),C11>0),100*(D11/C11-1),"") | J11: =IF(AND(ISNUMBER(F11),ISNUMBER(E11)),100*(F11/E11-1),"") | K11: =IF(AND(ISNUMBER(G11),ISNUMBER(H11)),100*G11/H11,"")
A12: 03008 | B12: Alcoleja | C12: 186 | D12: 186 | H12: 205 | I12: =IF(AND(ISNUMBER(D12),C12>0),100*(D12/C12-1),"") | J12: =IF(AND(ISNUMBER(F12),ISNUMBER(E12)),100*(F12/E12-1),"") | K12: =IF(AND(ISNUMBER(G12),ISNUMBER(H12)),100*G12/H12,"")
A13: 03009 | B13: Alcoi/Alcoy | C13: 59187 | D13: 61613 | E13: 3.5088 | F13: 4.4945 | H13: 31707 | I13: =IF(AND(ISNUMBER(D13),C13>0),100*(D13/C13-1),"") | J13: =IF(AND(ISNUMBER(F13),ISNUMBER(E13)),100*(F13/E13-1),"") | K13: =IF(AND(ISNUMBER(G13),ISNUMBER(H13)),100*G13/H13,"")
A14: 03010 | B14: Alfafara | C14: 408 | D14: 417 | H14: 333 | I14: =IF(AND(ISNUMBER(D14),C14>0),100*(D14/C14-1),"") | J14: =IF(AND(ISNUMBER(F14),ISNUMBER(E14)),100*(F14/E14-1),"") | K14: =IF(AND(ISNUMBER(G14),ISNUMBER(H14)),100*G14/H14,"")
A15: 03011 | B15: Alfàs del Pi, l' | C15: 19615 | D15: 21046 | E15: 6.6176 | F15: 7.8818 | H15: 12250 | I15: =IF(AND(ISNUMBER(D15),C15>0),100*(D15/C15-1),"") | J15: =IF(AND(ISNUMBER(F15),ISNUMBER(E15)),100*(F15/E15-1),"") | K15: =IF(AND(ISNUMBER(G15),ISNUMBER(H15)),100*G15/H15,"")
A16: 03012 | B16: Algorfa | C16: 3459 | D16: 3749 | E16: 5.0794 | F16: 6.6667 | H16: 4498 | I16: =IF(AND(ISNUMBER(D16),C16>0),100*(D16/C16-1),"") | J16: =IF(AND(ISNUMBER(F16),ISNUMBER(E16)),100*(F16/E16-1),"") | K16: =IF(AND(ISNUMBER(G16),ISNUMBER(H16)),100*G16/H16,"")
A17: 03013 | B17: Algueña | C17: 1339 | D17: 1327 | H17: 843 | I17: =IF(AND(ISNUMBER(D17),C17>0),100*(D17/C17-1),"") | J17: =IF(AND(ISNUMBER(F17),ISNUMBER(E17)),100*(F17/E17-1),"") | K17: =IF(AND(ISNUMBER(G17),ISNUMBER(H17)),100*G17/H17,"")
A18: 03014 | B18: Alacant/Alicante | C18: 338768 | D18: 365586 | E18: 5.4128 | F18: 7.1053 | H18: 188462 | I18: =IF(AND(ISNUMBER(D18),C18>0),100*(D18/C18-1),"") | J18: =IF(AND(ISNUMBER(F18),ISNUMBER(E18)),100*(F18/E18-1),"") | K18: =IF(AND(ISNUMBER(G18),ISNUMBER(H18)),100*G18/H18,"")
A19: 03015 | B19: Almoradí | C19: 21303 | D19: 22874 | E19: 3.2051 | F19: 4.345 | H19: 9900 | I19: =IF(AND(ISNUMBER(D19),C19>0),100*(D19/C19-1),"") | J19: =IF(AND(ISNUMBER(F19),ISNUMBER(E19)),100*(F19/E19-1),"") | K19: =IF(AND(ISNUMBER(G19),ISNUMBER(H19)),100*G19/H19,"")
A20: 03016 | B20: Almudaina | C20: 118 | D20: 127 | H20: 122 | I20: =IF(AND(ISNUMBER(D20),C20>0),100*(D20/C20-1),"") | J20: =IF(AND(ISNUMBER(F20),ISNUMBER(E20)),100*(F20/E20-1),"") | K20: =IF(AND(ISNUMBER(G20),ISNUMBER(H20)),100*G20/H20,"")
A21: 03017 | B21: Alqueria d'Asnar, l' | C21: 498 | D21: 519 | H21: 296 | I21: =IF(AND(ISNUMBER(D21),C21>0),100*(D21/C21-1),"") | J21: =IF(AND(ISNUMBER(F21),ISNUMBER(E21)),100*(F21/E21-1),"") | K21: =IF(AND(ISNUMBER(G21),ISNUMBER(H21)),100*G21/H21,"")
A22: 03018 | B22: Altea | C22: 22810 | D22: 24731 | E22: 5.618 | F22: 7.0588 | H22: 15814 | I22: =IF(AND(ISNUMBER(D22),C22>0),100*(D22/C22-1),"") | J22: =IF(AND(ISNUMBER(F22),ISNUMBER(E22)),100*(F22/E22-1),"") | K22: =IF(AND(ISNUMBER(G22),ISNUMBER(H22)),100*G22/H22,"")
A23: 03019 | B23: Aspe | C23: 21065 | D23: 22354 | E23: 3.15 | F23: 4.1551 | H23: 8986 | I23: =IF(AND(ISNUMBER(D23),C23>0),100*(D23/C23-1),"") | J23: =IF(AND(ISNUMBER(F23),ISNUMBER(E23)),100*(F23/E23-1),"") | K23: =IF(AND(ISNUMBER(G23),ISNUMBER(H23)),100*G23/H23,"")
A24: 03020 | B24: Balones | C24: 134 | D24: 133 | H24: 129 | I24: =IF(AND(ISNUMBER(D24),C24>0),100*(D24/C24-1),"") | J24: =IF(AND(ISNUMBER(F24),ISNUMBER(E24)),100*(F24/E24-1),"") | K24: =IF(AND(ISNUMBER(G24),ISNUMBER(H24)),100*G24/H24,"")
A25: 03021 | B25: Banyeres de Mariola | C25: 7103 | D25: 7336 | E25: 2.3333 | F25: 3.2313 | H25: 4396 | I25: =IF(AND(ISNUMBER(D25),C25>0),100*(D25/C25-1),"") | J25: =IF(AND(ISNUMBER(F25),ISNUMBER(E25)),100*(F25/E25-1),"") | K25: =IF(AND(ISNUMBER(G25),ISNUMBER(H25)),100*G25/H25,"")
A26: 03022 | B26: Benasau | C26: 167 | D26: 174 | H26: 180 | I26: =IF(AND(ISNUMBER(D26),C26>0),100*(D26/C26-1),"") | J26: =IF(AND(ISNUMBER(F26),ISNUMBER(E26)),100*(F26/E26-1),"") | K26: =IF(AND(ISNUMBER(G26),ISNUMBER(H26)),100*G26/H26,"")
A27: 03023 | B27: Beneixama | C27: 1719 | D27: 1704 | E27: 1.2553 | F27: 3.182 | H27: 1348 | I27: =IF(AND(ISNUMBER(D27),C27>0),100*(D27/C27-1),"") | J27: =IF(AND(ISNUMBER(F27),ISNUMBER(E27)),100*(F27/E27-1),"") | K27: =IF(AND(ISNUMBER(G27),ISNUMBER(H27)),100*G27/H27,"")
A28: 03024 | B28: Benejúzar | C28: 5487 | D28: 5829 | E28: 3.3329 | F28: 4.0179 | H28: 2609 | I28: =IF(AND(ISNUMBER(D28),C28>0),100*(D28/C28-1),"") | J28: =IF(AND(ISNUMBER(F28),ISNUMBER(E28)),100*(F28/E28-1),"") | K28: =IF(AND(ISNUMBER(G28),ISNUMBER(H28)),100*G28/H28,"")
A29: 03025 | B29: Benferri | C29: 1934 | D29: 2098 | E29: 4.7526 | F29: 5.1587 | H29: 1128 | I29: =IF(AND(ISNUMBER(D29),C29>0),100*(D29/C29-1),"") | J29: =IF(AND(ISNUMBER(F29),ISNUMBER(E29)),100*(F29/E29-1),"") | K29: =IF(AND(ISNUMBER(G29),ISNUMBER(H29)),100*G29/H29,"")
A30: 03026 | B30: Beniarbeig | C30: 2237 | D30: 2540 | E30: 5.0515 | F30: 6.2238 | H30: 1405 | I30: =IF(AND(ISNUMBER(D30),C30>0),100*(D30/C30-1),"") | J30: =IF(AND(ISNUMBER(F30),ISNUMBER(E30)),100*(F30/E30-1),"") | K30: =IF(AND(ISNUMBER(G30),ISNUMBER(H30)),100*G30/H30,"")
A31: 03027 | B31: Beniardà | C31: 197 | D31: 233 | H31: 173 | I31: =IF(AND(ISNUMBER(D31),C31>0),100*(D31/C31-1),"") | J31: =IF(AND(ISNUMBER(F31),ISNUMBER(E31)),100*(F31/E31-1),"") | K31: =IF(AND(ISNUMBER(G31),ISNUMBER(H31)),100*G31/H31,"")
A32: 03028 | B32: Beniarrés | C32: 1088 | D32: 1116 | H32: 725 | I32: =IF(AND(ISNUMBER(D32),C32>0),100*(D32/C32-1),"") | J32: =IF(AND(ISNUMBER(F32),ISNUMBER(E32)),100*(F32/E32-1),"") | K32: =IF(AND(ISNUMBER(G32),ISNUMBER(H32)),100*G32/H32,"")
A33: 03029 | B33: Benigembla | C33: 477 | D33: 581 | H33: 347 | I33: =IF(AND(ISNUMBER(D33),C33>0),100*(D33/C33-1),"") | J33: =IF(AND(ISNUMBER(F33),ISNUMBER(E33)),100*(F33/E33-1),"") | K33: =IF(AND(ISNUMBER(G33),ISNUMBER(H33)),100*G33/H33,"")
A34: 03030 | B34: Benidoleig | C34: 1153 | D34: 1274 | E34: 3.7916 | F34: 4.9721 | H34: 923 | I34: =IF(AND(ISNUMBER(D34),C34>0),100*(D34/C34-1),"") | J34: =IF(AND(ISNUMBER(F34),ISNUMBER(E34)),100*(F34/E34-1),"") | K34: =IF(AND(ISNUMBER(G34),ISNUMBER(H34)),100*G34/H34,"")
A35: 03031 | B35: Benidorm | C35: 68874 | D35: 77211 | E35: 6.8922 | F35: 8.4456 | H35: 61577 | I35: =IF(AND(ISNUMBER(D35),C35>0),100*(D35/C35-1),"") | J35: =IF(AND(ISNUMBER(F35),ISNUMBER(E35)),100*(F35/E35-1),"") | K35: =IF(AND(ISNUMBER(G35),ISNUMBER(H35)),100*G35/H35,"")
A36: 03032 | B36: Benifallim | C36: 102 | D36: 130 | H36: 138 | I36: =IF(AND(ISNUMBER(D36),C36>0),100*(D36/C36-1),"") | J36: =IF(AND(ISNUMBER(F36),ISNUMBER(E36)),100*(F36/E36-1),"") | K36: =IF(AND(ISNUMBER(G36),ISNUMBER(H36)),100*G36/H36,"")
A37: 03033 | B37: Benifato | C37: 133 | D37: 160 | H37: 182 | I37: =IF(AND(ISNUMBER(D37),C37>0),100*(D37/C37-1),"") | J37: =IF(AND(ISNUMBER(F37),ISNUMBER(E37)),100*(F37/E37-1),"") | K37: =IF(AND(ISNUMBER(G37),ISNUMBER(H37)),100*G37/H37,"")
A38: 03034 | B38: Benijófar | C38: 3303 | D38: 3696 | E38: 4.3284 | F38: 5.2326 | H38: 2636 | I38: =IF(AND(ISNUMBER(D38),C38>0),100*(D38/C38-1),"") | J38: =IF(AND(ISNUMBER(F38),ISNUMBER(E38)),100*(F38/E38-1),"") | K38: =IF(AND(ISNUMBER(G38),ISNUMBER(H38)),100*G38/H38,"")
A39: 03035 | B39: Benilloba | C39: 739 | D39: 746 | H39: 592 | I39: =IF(AND(ISNUMBER(D39),C39>0),100*(D39/C39-1),"") | J39: =IF(AND(ISNUMBER(F39),ISNUMBER(E39)),100*(F39/E39-1),"") | K39: =IF(AND(ISNUMBER(G39),ISNUMBER(H39)),100*G39/H39,"")
A40: 03036 | B40: Benillup | C40: 102 | D40: 111 | H40: 71 | I40: =IF(AND(ISNUMBER(D40),C40>0),100*(D40/C40-1),"") | J40: =IF(AND(ISNUMBER(F40),ISNUMBER(E40)),100*(F40/E40-1),"") | K40: =IF(AND(ISNUMBER(G40),ISNUMBER(H40)),100*G40/H40,"")
A41: 03037 | B41: Benimantell | C41: 496 | D41: 544 | E41: 3.9773 | F41: 6.3416 | H41: 471 | I41: =IF(AND(ISNUMBER(D41),C41>0),100*(D41/C41-1),"") | J41: =IF(AND(ISNUMBER(F41),ISNUMBER(E41)),100*(F41/E41-1),"") | K41: =IF(AND(ISNUMBER(G41),ISNUMBER(H41)),100*G41/H41,"")
A42: 03038 | B42: Benimarfull | C42: 398 | D42: 465 | H42: 366 | I42: =IF(AND(ISNUMBER(D42),C42>0),100*(D42/C42-1),"") | J42: =IF(AND(ISNUMBER(F42),ISNUMBER(E42)),100*(F42/E42-1),"") | K42: =IF(AND(ISNUMBER(G42),ISNUMBER(H42)),100*G42/H42,"")
A43: 03039 | B43: Benimassot | C43: 97 | D43: 85 | H43: 101 | I43: =IF(AND(ISNUMBER(D43),C43>0),100*(D43/C43-1),"") | J43: =IF(AND(ISNUMBER(F43),ISNUMBER(E43)),100*(F43/E43-1),"") | K43: =IF(AND(ISNUMBER(G43),ISNUMBER(H43)),100*G43/H43,"")
A44: 03040 | B44: Benimeli | C44: 411 | D44: 474 | H44: 298 | I44: =IF(AND(ISNUMBER(D44),C44>0),100*(D44/C44-1),"") | J44: =IF(AND(ISNUMBER(F44),ISNUMBER(E44)),100*(F44/E44-1),"") | K44: =IF(AND(ISNUMBER(G44),ISNUMBER(H44)),100*G44/H44,"")
A45: 03041 | B45: Benissa | C45: 11517 | D45: 12524 | E45: 3.4247 | F45: 4.4682 | H45: 9756 | I45: =IF(AND(ISNUMBER(D45),C45>0),100*(D45/C45-1),"") | J45: =IF(AND(ISNUMBER(F45),ISNUMBER(E45)),100*(F45/E45-1),"") | K45: =IF(AND(ISNUMBER(G45),ISNUMBER(H45)),100*G45/H45,"")
A46: 03042 | B46: Poble Nou de Benitatxell, el/Benitachell | C46: 4481 | D46: 5026 | E46: 4.5977 | F46: 5.2632 | H46: 5287 | I46: =IF(AND(ISNUMBER(D46),C46>0),100*(D46/C46-1),"") | J46: =IF(AND(ISNUMBER(F46),ISNUMBER(E46)),100*(F46/E46-1),"") | K46: =IF(AND(ISNUMBER(G46),ISNUMBER(H46)),100*G46/H46,"")
A47: 03043 | B47: Biar | C47: 3632 | D47: 3677 | E47: 3.1219 | F47: 3.7526 | H47: 2309 | I47: =IF(AND(ISNUMBER(D47),C47>0),100*(D47/C47-1),"") | J47: =IF(AND(ISNUMBER(F47),ISNUMBER(E47)),100*(F47/E47-1),"") | K47: =IF(AND(ISNUMBER(G47),ISNUMBER(H47)),100*G47/H47,"")
A48: 03044 | B48: Bigastro | C48: 6972 | D48: 7545 | E48: 2.8125 | F48: 3.5436 | H48: 3330 | I48: =IF(AND(ISNUMBER(D48),C48>0),100*(D48/C48-1),"") | J48: =IF(AND(ISNUMBER(F48),ISNUMBER(E48)),100*(F48/E48-1),"") | K48: =IF(AND(ISNUMBER(G48),ISNUMBER(H48)),100*G48/H48,"")
A49: 03045 | B49: Bolulla | C49: 424 | D49: 487 | H49: 220 | I49: =IF(AND(ISNUMBER(D49),C49>0),100*(D49/C49-1),"") | J49: =IF(AND(ISNUMBER(F49),ISNUMBER(E49)),100*(F49/E49-1),"") | K49: =IF(AND(ISNUMBER(G49),ISNUMBER(H49)),100*G49/H49,"")
A50: 03046 | B50: Busot | C50: 3191 | D50: 3756 | H50: 2392 | I50: =IF(AND(ISNUMBER(D50),C50>0),100*(D50/C50-1),"") | J50: =IF(AND(ISNUMBER(F50),ISNUMBER(E50)),100*(F50/E50-1),"") | K50: =IF(AND(ISNUMBER(G50),ISNUMBER(H50)),100*G50/H50,"")
A51: 03047 | B51: Calp | C51: 23593 | D51: 27440 | E51: 5.7143 | F51: 7.2378 | H51: 26377 | I51: =IF(AND(ISNUMBER(D51),C51>0),100*(D51/C51-1),"") | J51: =IF(AND(ISNUMBER(F51),ISNUMBER(E51)),100*(F51/E51-1),"") | K51: =IF(AND(ISNUMBER(G51),ISNUMBER(H51)),100*G51/H51,"")
A52: 03048 | B52: Callosa d'en Sarrià | C52: 7677 | D52: 8301 | E52: 2.8692 | F52: 3.8889 | H52: 3412 | I52: =IF(AND(ISNUMBER(D52),C52>0),100*(D52/C52-1),"") | J52: =IF(AND(ISNUMBER(F52),ISNUMBER(E52)),100*(F52/E52-1),"") | K52: =IF(AND(ISNUMBER(G52),ISNUMBER(H52)),100*G52/H52,"")
A53: 03049 | B53: Callosa de Segura | C53: 19274 | D53: 19895 | E53: 2.7273 | F53: 3.2231 | H53: 9136 | I53: =IF(AND(ISNUMBER(D53),C53>0),100*(D53/C53-1),"") | J53: =IF(AND(ISNUMBER(F53),ISNUMBER(E53)),100*(F53/E53-1),"") | K53: =IF(AND(ISNUMBER(G53),ISNUMBER(H53)),100*G53/H53,"")
A54: 03050 | B54: Campello, el | C54: 29106 | D54: 31567 | E54: 6.4706 | F54: 8.5722 | H54: 26033 | I54: =IF(AND(ISNUMBER(D54),C54>0),100*(D54/C54-1),"") | J54: =IF(AND(ISNUMBER(F54),ISNUMBER(E54)),100*(F54/E54-1),"") | K54: =IF(AND(ISNUMBER(G54),ISNUMBER(H54)),100*G54/H54,"")
A55: 03051 | B55: Camp de Mirra, el/Campo de Mirra | C55: 428 | D55: 447 | H55: 321 | I55: =IF(AND(ISNUMBER(D55),C55>0),100*(D55/C55-1),"") | J55: =IF(AND(ISNUMBER(F55),ISNUMBER(E55)),100*(F55/E55-1),"") | K55: =IF(AND(ISNUMBER(G55),ISNUMBER(H55)),100*G55/H55,"")
A56: 03052 | B56: Cañada | C56: 1191 | D56: 1219 | H56: 741 | I56: =IF(AND(ISNUMBER(D56),C56>0),100*(D56/C56-1),"") | J56: =IF(AND(ISNUMBER(F56),ISNUMBER(E56)),100*(F56/E56-1),"") | K56: =IF(AND(ISNUMBER(G56),ISNUMBER(H56)),100*G56/H56,"")
A57: 03053 | B57: Castalla | C57: 10798 | D57: 11900 | E57: 2.7754 | F57: 3.9429 | H57: 7868 | I57: =IF(AND(ISNUMBER(D57),C57>0),100*(D57/C57-1),"") | J57: =IF(AND(ISNUMBER(F57),ISNUMBER(E57)),100*(F57/E57-1),"") | K57: =IF(AND(ISNUMBER(G57),ISNUMBER(H57)),100*G57/H57,"")
A58: 03054 | B58: Castell de Castells | C58: 427 | D58: 442 | H58: 551 | I58: =IF(AND(ISNUMBER(D58),C58>0),100*(D58/C58-1),"") | J58: =IF(AND(ISNUMBER(F58),ISNUMBER(E58)),100*(F58/E58-1),"") | K58: =IF(AND(ISNUMBER(G58),ISNUMBER(H58)),100*G58/H58,"")
A59: 03055 | B59: Catral | C59: 8940 | D59: 9649 | E59: 3.6607 | F59: 4.2507 | H59: 4621 | I59: =IF(AND(ISNUMBER(D59),C59>0),100*(D59/C59-1),"") | J59: =IF(AND(ISNUMBER(F59),ISNUMBER(E59)),100*(F59/E59-1),"") | K59: =IF(AND(ISNUMBER(G59),ISNUMBER(H59)),100*G59/H59,"")
A60: 03056 | B60: Cocentaina | C60: 11459 | D60: 11486 | E60: 2.9318 | F60: 3.3892 | H60: 6917 | I60: =IF(AND(ISNUMBER(D60),C60>0),100*(D60/C60-1),"") | J60: =IF(AND(ISNUMBER(F60),ISNUMBER(E60)),100*(F60/E60-1),"") | K60: =IF(AND(ISNUMBER(G60),ISNUMBER(H60)),100*G60/H60,"")
A61: 03057 | B61: Confrides | C61: 278 | D61: 293 | H61: 452 | I61: =IF(AND(ISNUMBER(D61),C61>0),100*(D61/C61-1),"") | J61: =IF(AND(ISNUMBER(F61),ISNUMBER(E61)),100*(F61/E61-1),"") | K61: =IF(AND(ISNUMBER(G61),ISNUMBER(H61)),100*G61/H61,"")
A62: 03058 | B62: Cox | C62: 7405 | D62: 7714 | E62: 3.1579 | F62: 3.5 | H62: 3609 | I62: =IF(AND(ISNUMBER(D62),C62>0),100*(D62/C62-1),"") | J62: =IF(AND(ISNUMBER(F62),ISNUMBER(E62)),100*(F62/E62-1),"") | K62: =IF(AND(ISNUMBER(G62),ISNUMBER(H62)),100*G62/H62,"")
A63: 03059 | B63: Crevillent | C63: 29659 | D63: 30880 | E63: 2.9434 | F63: 3.9031 | H63: 14966 | I63: =IF(AND(ISNUMBER(D63),C63>0),100*(D63/C63-1),"") | J63: =IF(AND(ISNUMBER(F63),ISNUMBER(E63)),100*(F63/E63-1),"") | K63: =IF(AND(ISNUMBER(G63),ISNUMBER(H63)),100*G63/H63,"")
A64: 03060 | B64: Quatretondeta | C64: 117 | D64: 129 | H64: 142 | I64: =IF(AND(ISNUMBER(D64),C64>0),100*(D64/C64-1),"") | J64: =IF(AND(ISNUMBER(F64),ISNUMBER(E64)),100*(F64/E64-1),"") | K64: =IF(AND(ISNUMBER(G64),ISNUMBER(H64)),100*G64/H64,"")
A65: 03061 | B65: Daya Nueva | C65: 1777 | D65: 1882 | H65: 1460 | I65: =IF(AND(ISNUMBER(D65),C65>0),100*(D65/C65-1),"") | J65: =IF(AND(ISNUMBER(F65),ISNUMBER(E65)),100*(F65/E65-1),"") | K65: =IF(AND(ISNUMBER(G65),ISNUMBER(H65)),100*G65/H65,"")
A66: 03062 | B66: Daya Vieja | C66: 698 | D66: 714 | H66: 532 | I66: =IF(AND(ISNUMBER(D66),C66>0),100*(D66/C66-1),"") | J66: =IF(AND(ISNUMBER(F66),ISNUMBER(E66)),100*(F66/E66-1),"") | K66: =IF(AND(ISNUMBER(G66),ISNUMBER(H66)),100*G66/H66,"")
A67: 03063 | B67: Dénia | C67: 43126 | D67: 47568 | E67: 5.1655 | F67: 6.6489 | H67: 46305 | I67: =IF(AND(ISNUMBER(D67),C67>0),100*(D67/C67-1),"") | J67: =IF(AND(ISNUMBER(F67),ISNUMBER(E67)),100*(F67/E67-1),"") | K67: =IF(AND(ISNUMBER(G67),ISNUMBER(H67)),100*G67/H67,"")
A68: 03064 | B68: Dolores | C68: 7614 | D68: 8335 | E68: 2.7473 | F68: 4.032 | H68: 3430 | I68: =IF(AND(ISNUMBER(D68),C68>0),100*(D68/C68-1),"") | J68: =IF(AND(ISNUMBER(F68),ISNUMBER(E68)),100*(F68/E68-1),"") | K68: =IF(AND(ISNUMBER(G68),ISNUMBER(H68)),100*G68/H68,"")
A69: 03065 | B69: Elx/Elche | C69: 235566 | D69: 245575 | E69: 4.1379 | F69: 5.45 | H69: 116198 | I69: =IF(AND(ISNUMBER(D69),C69>0),100*(D69/C69-1),"") | J69: =IF(AND(ISNUMBER(F69),ISNUMBER(E69)),100*(F69/E69-1),"") | K69: =IF(AND(ISNUMBER(G69),ISNUMBER(H69)),100*G69/H69,"")
A70: 03066 | B70: Elda | C70: 52580 | D70: 55554 | E70: 3.4188 | F70: 4.5 | H70: 24833 | I70: =IF(AND(ISNUMBER(D70),C70>0),100*(D70/C70-1),"") | J70: =IF(AND(ISNUMBER(F70),ISNUMBER(E70)),100*(F70/E70-1),"") | K70: =IF(AND(ISNUMBER(G70),ISNUMBER(H70)),100*G70/H70,"")
A71: 03067 | B71: Fageca | C71: 104 | D71: 100 | H71: 123 | I71: =IF(AND(ISNUMBER(D71),C71>0),100*(D71/C71-1),"") | J71: =IF(AND(ISNUMBER(F71),ISNUMBER(E71)),100*(F71/E71-1),"") | K71: =IF(AND(ISNUMBER(G71),ISNUMBER(H71)),100*G71/H71,"")
A72: 03068 | B72: Famorca | C72: 45 | D72: 44 | H72: 79 | I72: =IF(AND(ISNUMBER(D72),C72>0),100*(D72/C72-1),"") | J72: =IF(AND(ISNUMBER(F72),ISNUMBER(E72)),100*(F72/E72-1),"") | K72: =IF(AND(ISNUMBER(G72),ISNUMBER(H72)),100*G72/H72,"")
A73: 03069 | B73: Finestrat | C73: 7428 | D73: 9980 | E73: 6.7312 | F73: 8.0147 | H73: 7506 | I73: =IF(AND(ISNUMBER(D73),C73>0),100*(D73/C73-1),"") | J73: =IF(AND(ISNUMBER(F73),ISNUMBER(E73)),100*(F73/E73-1),"") | K73: =IF(AND(ISNUMBER(G73),ISNUMBER(H73)),100*G73/H73,"")
A74: 03070 | B74: Formentera del Segura | C74: 4380 | D74: 4865 | E74: 5.102 | F74: 6.5065 | H74: 3628 | I74: =IF(AND(ISNUMBER(D74),C74>0),100*(D74/C74-1),"") | J74: =IF(AND(ISNUMBER(F74),ISNUMBER(E74)),100*(F74/E74-1),"") | K74: =IF(AND(ISNUMBER(G74),ISNUMBER(H74)),100*G74/H74,"")
A75: 03071 | B75: Gata de Gorgos | C75: 6241 | D75: 6804 | E75: 2.8632 | F75: 3.883 | H75: 3802 | I75: =IF(AND(ISNUMBER(D75),C75>0),100*(D75/C75-1),"") | J75: =IF(AND(ISNUMBER(F75),ISNUMBER(E75)),100*(F75/E75-1),"") | K75: =IF(AND(ISNUMBER(G75),ISNUMBER(H75)),100*G75/H75,"")
A76: 03072 | B76: Gaianes | C76: 519 | D76: 586 | H76: 445 | I76: =IF(AND(ISNUMBER(D76),C76>0),100*(D76/C76-1),"") | J76: =IF(AND(ISNUMBER(F76),ISNUMBER(E76)),100*(F76/E76-1),"") | K76: =IF(AND(ISNUMBER(G76),ISNUMBER(H76)),100*G76/H76,"")
A77: 03073 | B77: Gorga | C77: 262 | D77: 288 | H77: 205 | I77: =IF(AND(ISNUMBER(D77),C77>0),100*(D77/C77-1),"") | J77: =IF(AND(ISNUMBER(F77),ISNUMBER(E77)),100*(F77/E77-1),"") | K77: =IF(AND(ISNUMBER(G77),ISNUMBER(H77)),100*G77/H77,"")
A78: 03074 | B78: Granja de Rocamora | C78: 2601 | D78: 2717 | E78: 3.4911 | F78: 4.7619 | H78: 1145 | I78: =IF(AND(ISNUMBER(D78),C78>0),100*(D78/C78-1),"") | J78: =IF(AND(ISNUMBER(F78),ISNUMBER(E78)),100*(F78/E78-1),"") | K78: =IF(AND(ISNUMBER(G78),ISNUMBER(H78)),100*G78/H78,"")
A79: 03075 | B79: Castell de Guadalest, el | C79: 245 | D79: 280 | F79: 4.7854 | H79: 274 | I79: =IF(AND(ISNUMBER(D79),C79>0),100*(D79/C79-1),"") | J79: =IF(AND(ISNUMBER(F79),ISNUMBER(E79)),100*(F79/E79-1),"") | K79: =IF(AND(ISNUMBER(G79),ISNUMBER(H79)),100*G79/H79,"")
A80: 03076 | B80: Guardamar del Segura | C80: 15850 | D80: 18541 | E80: 5.2784 | F80: 6.8476 | H80: 25527 | I80: =IF(AND(ISNUMBER(D80),C80>0),100*(D80/C80-1),"") | J80: =IF(AND(ISNUMBER(F80),ISNUMBER(E80)),100*(F80/E80-1),"") | K80: =IF(AND(ISNUMBER(G80),ISNUMBER(H80)),100*G80/H80,"")
A81: 03077 | B81: Fondó de les Neus, el/Hondón de las Nieves | C81: 2636 | D81: 2775 | F81: 4.0816 | H81: 2345 | I81: =IF(AND(ISNUMBER(D81),C81>0),100*(D81/C81-1),"") | J81: =IF(AND(ISNUMBER(F81),ISNUMBER(E81)),100*(F81/E81-1),"") | K81: =IF(AND(ISNUMBER(G81),ISNUMBER(H81)),100*G81/H81,"")
A82: 03078 | B82: Hondón de los Frailes | C82: 1284 | D82: 1323 | H82: 1060 | I82: =IF(AND(ISNUMBER(D82),C82>0),100*(D82/C82-1),"") | J82: =IF(AND(ISNUMBER(F82),ISNUMBER(E82)),100*(F82/E82-1),"") | K82: =IF(AND(ISNUMBER(G82),ISNUMBER(H82)),100*G82/H82,"")
A83: 03079 | B83: Ibi | C83: 23692 | D83: 24662 | E83: 3.107 | F83: 4.0206 | H83: 11988 | I83: =IF(AND(ISNUMBER(D83),C83>0),100*(D83/C83-1),"") | J83: =IF(AND(ISNUMBER(F83),ISNUMBER(E83)),100*(F83/E83-1),"") | K83: =IF(AND(ISNUMBER(G83),ISNUMBER(H83)),100*G83/H83,"")
A84: 03080 | B84: Jacarilla | C84: 1948 | D84: 2180 | E84: 3.3521 | F84: 4.7945 | H84: 1327 | I84: =IF(AND(ISNUMBER(D84),C84>0),100*(D84/C84-1),"") | J84: =IF(AND(ISNUMBER(F84),ISNUMBER(E84)),100*(F84/E84-1),"") | K84: =IF(AND(ISNUMBER(G84),ISNUMBER(H84)),100*G84/H84,"")
A85: 03081 | B85: Xaló | C85: 2935 | D85: 3122 | E85: 4.1667 | F85: 4.5918 | H85: 2254 | I85: =IF(AND(ISNUMBER(D85),C85>0),100*(D85/C85-1),"") | J85: =IF(AND(ISNUMBER(F85),ISNUMBER(E85)),100*(F85/E85-1),"") | K85: =IF(AND(ISNUMBER(G85),ISNUMBER(H85)),100*G85/H85,"")
A86: 03082 | B86: Xàbia/Jávea | C86: 28782 | D86: 30817 | E86: 5.2632 | F86: 7.1429 | H86: 26714 | I86: =IF(AND(ISNUMBER(D86),C86>0),100*(D86/C86-1),"") | J86: =IF(AND(ISNUMBER(F86),ISNUMBER(E86)),100*(F86/E86-1),"") | K86: =IF(AND(ISNUMBER(G86),ISNUMBER(H86)),100*G86/H86,"")
A87: 03083 | B87: Xixona/Jijona | C87: 6882 | D87: 7667 | E87: 3.1889 | F87: 3.6184 | H87: 5212 | I87: =IF(AND(ISNUMBER(D87),C87>0),100*(D87/C87-1),"") | J87: =IF(AND(ISNUMBER(F87),ISNUMBER(E87)),100*(F87/E87-1),"") | K87: =IF(AND(ISNUMBER(G87),ISNUMBER(H87)),100*G87/H87,"")
A88: 03084 | B88: Orxa, l'/Lorcha | C88: 581 | D88: 591 | H88: 498 | I88: =IF(AND(ISNUMBER(D88),C88>0),100*(D88/C88-1),"") | J88: =IF(AND(ISNUMBER(F88),ISNUMBER(E88)),100*(F88/E88-1),"") | K88: =IF(AND(ISNUMBER(G88),ISNUMBER(H88)),100*G88/H88,"")
A89: 03085 | B89: Llíber | C89: 960 | D89: 952 | H89: 798 | I89: =IF(AND(ISNUMBER(D89),C89>0),100*(D89/C89-1),"") | J89: =IF(AND(ISNUMBER(F89),ISNUMBER(E89)),100*(F89/E89-1),"") | K89: =IF(AND(ISNUMBER(G89),ISNUMBER(H89)),100*G89/H89,"")
A90: 03086 | B90: Millena | C90: 243 | D90: 266 | H90: 211 | I90: =IF(AND(ISNUMBER(D90),C90>0),100*(D90/C90-1),"") | J90: =IF(AND(ISNUMBER(F90),ISNUMBER(E90)),100*(F90/E90-1),"") | K90: =IF(AND(ISNUMBER(G90),ISNUMBER(H90)),100*G90/H90,"")
A91: 03088 | B91: Monforte del Cid | C91: 8543 | D91: 9372 | E91: 3.3025 | F91: 4.0094 | H91: 5019 | I91: =IF(AND(ISNUMBER(D91),C91>0),100*(D91/C91-1),"") | J91: =IF(AND(ISNUMBER(F91),ISNUMBER(E91)),100*(F91/E91-1),"") | K91: =IF(AND(ISNUMBER(G91),ISNUMBER(H91)),100*G91/H91,"")
A92: 03089 | B92: Monòver/Monóvar | C92: 12185 | D92: 13098 | E92: 2.8269 | F92: 3.3333 | H92: 8026 | I92: =IF(AND(ISNUMBER(D92),C92>0),100*(D92/C92-1),"") | J92: =IF(AND(ISNUMBER(F92),ISNUMBER(E92)),100*(F92/E92-1),"") | K92: =IF(AND(ISNUMBER(G92),ISNUMBER(H92)),100*G92/H92,"")
A93: 03090 | B93: Mutxamel | C93: 25798 | D93: 28689 | E93: 4.717 | F93: 6.3492 | H93: 12230 | I93: =IF(AND(ISNUMBER(D93),C93>0),100*(D93/C93-1),"") | J93: =IF(AND(ISNUMBER(F93),ISNUMBER(E93)),100*(F93/E93-1),"") | K93: =IF(AND(ISNUMBER(G93),ISNUMBER(H93)),100*G93/H93,"")
A94: 03091 | B94: Murla | C94: 533 | D94: 574 | H94: 428 | I94: =IF(AND(ISNUMBER(D94),C94>0),100*(D94/C94-1),"") | J94: =IF(AND(ISNUMBER(F94),ISNUMBER(E94)),100*(F94/E94-1),"") | K94: =IF(AND(ISNUMBER(G94),ISNUMBER(H94)),100*G94/H94,"")
A95: 03092 | B95: Muro de Alcoy | C95: 9329 | D95: 9361 | E95: 2.876 | F95: 3.3962 | H95: 5033 | I95: =IF(AND(ISNUMBER(D95),C95>0),100*(D95/C95-1),"") | J95: =IF(AND(ISNUMBER(F95),ISNUMBER(E95)),100*(F95/E95-1),"") | K95: =IF(AND(ISNUMBER(G95),ISNUMBER(H95)),100*G95/H95,"")
A96: 03093 | B96: Novelda | C96: 25578 | D96: 26612 | E96: 3.0672 | F96: 3.916 | H96: 13569 | I96: =IF(AND(ISNUMBER(D96),C96>0),100*(D96/C96-1),"") | J96: =IF(AND(ISNUMBER(F96),ISNUMBER(E96)),100*(F96/E96-1),"") | K96: =IF(AND(ISNUMBER(G96),ISNUMBER(H96)),100*G96/H96,"")
A97: 03094 | B97: Nucia, la | C97: 18180 | D97: 19329 | E97: 4.7619 | F97: 5.5346 | H97: 9037 | I97: =IF(AND(ISNUMBER(D97),C97>0),100*(D97/C97-1),"") | J97: =IF(AND(ISNUMBER(F97),ISNUMBER(E97)),100*(F97/E97-1),"") | K97: =IF(AND(ISNUMBER(G97),ISNUMBER(H97)),100*G97/H97,"")
A98: 03095 | B98: Ondara | C98: 7082 | D98: 7729 | E98: 3.6957 | F98: 4.853 | H98: 3178 | I98: =IF(AND(ISNUMBER(D98),C98>0),100*(D98/C98-1),"") | J98: =IF(AND(ISNUMBER(F98),ISNUMBER(E98)),100*(F98/E98-1),"") | K98: =IF(AND(ISNUMBER(G98),ISNUMBER(H98)),100*G98/H98,"")
A99: 03096 | B99: Onil | C99: 7612 | D99: 8145 | E99: 2.831 | F99: 3.7779 | H99: 3790 | I99: =IF(AND(ISNUMBER(D99),C99>0),100*(D99/C99-1),"") | J99: =IF(AND(ISNUMBER(F99),ISNUMBER(E99)),100*(F99/E99-1),"") | K99: =IF(AND(ISNUMBER(G99),ISNUMBER(H99)),100*G99/H99,"")
A100: 03097 | B100: Orba | C100: 2288 | D100: 2402 | E100: 3.1818 | F100: 4.1625 | H100: 1754 | I100: =IF(AND(ISNUMBER(D100),C100>0),100*(D100/C100-1),"") | J100: =IF(AND(ISNUMBER(F100),ISNUMBER(E100)),100*(F100/E100-1),"") | K100: =IF(AND(ISNUMBER(G100),ISNUMBER(H100)),100*G100/H100,"")
A101: 03098 | B101: Orxeta | C101: 821 | D101: 934 | E101: 3.4427 | F101: 4.6921 | H101: 789 | I101: =IF(AND(ISNUMBER(D101),C101>0),100*(D101/C101-1),"") | J101: =IF(AND(ISNUMBER(F101),ISNUMBER(E101)),100*(F101/E101-1),"") | K101: =IF(AND(ISNUMBER(G101),ISNUMBER(H101)),100*G101/H101,"")
...

Sheet Valencia_barrios
A1: Valencia_barrios: datos de entrada en azul; cálculos de esta hoja en negro
A2: Fuente: INE (censo anual, ADRH, VUT, Censo 2021); MIVAU SERPAVI; Ajuntament de València. Fecha del dato: 2019-2026. Capa: C4 (recuentos de población por barrio repartidos por área).
A4: cod_barrio | B4: nombre | C4: pob_2021 | D4: pob_2025 | E4: extranj_2021 | F4: extranj_2025 | G4: vut_2026_05 | H4: viviendas_2021 | I4: alquiler_m2_2019 | J4: alquiler_m2_2024 | K4: renta_persona_2023 | L4: indice_presion_descriptivo | M4: pct_extranj_2025 | N4: vut_por_100_viv | O4: var_alquiler_pct
A5: 462500101 | B5: LA SEU | C5: 2650.7541 | D5: 2882.0196 | E5: 513.7337 | F5: 780.2082 | G5: 128.6064 | H5: 2100.9075 | I5: 7.8744 | J5: 10.9196 | K5: 22623.023 | L5: 1.4491 | M5: =IF(D5>0,100*F5/D5,"") | N5: =IF(H5>0,100*G5/H5,"") | O5: =IF(AND(ISNUMBER(J5),ISNUMBER(I5)),100*(J5/I5-1),"")
A6: 462500102 | B6: LA XEREA | C6: 3747.223 | D6: 4074.1442 | E6: 490.7897 | F6: 836.9888 | G6: 68.2465 | H6: 2703.1298 | I6: 8.4918 | J6: 11.0511 | K6: 27716.342 | L6: 0.4493 | M6: =IF(D6>0,100*F6/D6,"") | N6: =IF(H6>0,100*G6/H6,"") | O6: =IF(AND(ISNUMBER(J6),ISNUMBER(I6)),100*(J6/I6-1),"")
A7: 462500103 | B7: EL CARME | C7: 6438.6377 | D7: 7245.0523 | E7: 1222.6724 | F7: 2100.0953 | G7: 191.0404 | H7: 4480.9474 | I7: 7.6584 | J7: 10.4632 | K7: 17966.132 | L7: 1.185 | M7: =IF(D7>0,100*F7/D7,"") | N7: =IF(H7>0,100*G7/H7,"") | O7: =IF(AND(ISNUMBER(J7),ISNUMBER(I7)),100*(J7/I7-1),"")
A8: 462500104 | B8: EL PILAR | C8: 4497.403 | D8: 5443.0408 | E8: 927.0217 | F8: 1849.1444 | G8: 95.4393 | H8: 2982.2206 | I8: 7.4764 | J8: 10.844 | K8: 17876.32 | L8: 1.7284 | M8: =IF(D8>0,100*F8/D8,"") | N8: =IF(H8>0,100*G8/H8,"") | O8: =IF(AND(ISNUMBER(J8),ISNUMBER(I8)),100*(J8/I8-1),"")
A9: 462500105 | B9: EL MERCAT | C9: 3510.2424 | D9: 4021.1157 | E9: 686.9059 | F9: 1276.1038 | G9: 255.7394 | H9: 3052.761 | I9: 7.9511 | J9: 10.945 | K9: 20070.351 | L9: 2.2463 | M9: =IF(D9>0,100*F9/D9,"") | N9: =IF(H9>0,100*G9/H9,"") | O9: =IF(AND(ISNUMBER(J9),ISNUMBER(I9)),100*(J9/I9-1),"")
A10: 462500106 | B10: SANT FRANCESC | C10: 5641.1351 | D10: 6227.9798 | E10: 737.5947 | F10: 1426.6209 | G10: 179.7145 | H10: 4727.5148 | I10: 8.7409 | J10: 11.3585 | K10: 26394.336 | L10: 0.9472 | M10: =IF(D10>0,100*F10/D10,"") | N10: =IF(H10>0,100*G10/H10,"") | O10: =IF(AND(ISNUMBER(J10),ISNUMBER(I10)),100*(J10/I10-1),"")
A11: 462500201 | B11: RUSSAFA | C11: 21995.013 | D11: 25056.521 | E11: 2999.2571 | F11: 5014.1849 | G11: 288.6907 | H11: 13766.018 | I11: 6.7129 | J11: 9.3169 | K11: 19262.085 | L11: 0.3615 | M11: =IF(D11>0,100*F11/D11,"") | N11: =IF(H11>0,100*G11/H11,"") | O11: =IF(AND(ISNUMBER(J11),ISNUMBER(I11)),100*(J11/I11-1),"")
A12: 462500202 | B12: EL PLA DEL REMEI | C12: 6140.9861 | D12: 7320.1241 | E12: 391.0968 | F12: 928.303 | G12: 30.3428 | H12: 3738.32 | I12: 7.9834 | J12: 10.6115 | K12: 34421.438 | L12: 0.0816 | M12: =IF(D12>0,100*F12/D12,"") | N12: =IF(H12>0,100*G12/H12,"") | O12: =IF(AND(ISNUMBER(J12),ISNUMBER(I12)),100*(J12/I12-1),"")
A13: 462500203 | B13: LA GRAN VIA | C13: 12079.17 | D13: 12678.074 | E13: 973.3068 | F13: 1873.5381 | G13: 41.4699 | H13: 6722.7598 | I13: 6.8783 | J13: 9.489 | K13: 25548.01 | L13: 0.1223 | M13: =IF(D13>0,100*F13/D13,"") | N13: =IF(H13>0,100*G13/H13,"") | O13: =IF(AND(ISNUMBER(J13),ISNUMBER(I13)),100*(J13/I13-1),"")
A14: 462500301 | B14: EL BOTANIC | C14: 6139.8017 | D14: 6590.4153 | E14: 851.0087 | F14: 1391.6963 | G14: 89.0657 | H14: 3869.3745 | I14: 6.9179 | J14: 9.6568 | K14: 19208.438 | L14: 0.5688 | M14: =IF(D14>0,100*F14/D14,"") | N14: =IF(H14>0,100*G14/H14,"") | O14: =IF(AND(ISNUMBER(J14),ISNUMBER(I14)),100*(J14/I14-1),"")
A15: 462500302 | B15: LA ROQUETA | C15: 4175.5757 | D15: 4747.8907 | E15: 875.257 | F15: 1339.9511 | G15: 122.9653 | H15: 3045.0554 | I15: 6.5843 | J15: 9.6743 | K15: 19216.343 | L15: 1.1865 | M15: =IF(D15>0,100*F15/D15,"") | N15: =IF(H15>0,100*G15/H15,"") | O15: =IF(AND(ISNUMBER(J15),ISNUMBER(I15)),100*(J15/I15-1),"")
A16: 462500303 | B16: LA PETXINA | C16: 15032.08 | D16: 15809.081 | E16: 1393.7756 | F16: 2379.3059 | G16: 90.0818 | H16: 8103.452 | I16: 5.9749 | J16: 8.3427 | K16: 18743.913 | L16: 0.0126 | M16: =IF(D16>0,100*F16/D16,"") | N16: =IF(H16>0,100*G16/H16,"") | O16: =IF(AND(ISNUMBER(J16),ISNUMBER(I16)),100*(J16/I16-1),"")
... A91: 462501908 | B91: FAITANAR | C91: 2594.6852 | D91: 3046.2743 | E91: 495.0639 | F91: 795.9469 | G91: 21.7892 | H91: 1540.3121 | I91: 4.6323 | J91: 6.7552 | K91: 12511.973 | L91: 0.2024 | M91: =IF(D91>0,100*F91/D91,"") | N91: =IF(H91>0,100*G91/H91,"") | O91: =IF(AND(ISNUMBER(J91),ISNUMBER(I91)),100*(J91/I91-1),"")

Sheet Quien_ECV
A1: Quien_ECV: datos de entrada en azul; cálculos de esta hoja en negro
A2: Fuente: INE ECV (microdatos), cálculo propio. Fecha del dato: ECV 2025. Capa: C1 o C4 según fila (columna capa).
A4: anio | B4: grupo | C4: categoria | D4: indicador | E4: valor | F4: ic95_inf | G4: ic95_sup | H4: n_muestral | I4: capa | J4: amplitud_ic
A5: 2025 | B5: total | C5: Total | D5: sobrecarga_30 | E5: 12.011 | F5: 11.362 | G5: 12.66 | H5: 71161 | I5: C4 | J5: =IF(ISNUMBER(G5),G5-F5,"")
A6: 2025 | B6: total | C6: Total | D6: sobrecarga_40 | E6: 7.172 | F6: 6.6701 | G6: 7.6739 | H6: 71161 | I6: C1 | J6: =IF(ISNUMBER(G6),G6-F6,"")
A7: 2025 | B7: total | C7: Total | D7: esfuerzo_alquiler_30 | E7: 28.584 | F7: 26.1628 | G7: 31.0051 | H7: 8856 | I7: C4 | J7: =IF(ISNUMBER(G7),G7-F7,"")
A8: 2025 | B8: total | C8: Total | D8: esfuerzo_alquiler_40 | E8: 17.2252 | F8: 15.2426 | G8: 19.2079 | H8: 8856 | I8: C4 | J8: =IF(ISNUMBER(G8),G8-F8,"")
A9: 2025 | B9: total | C9: Total | D9: esfuerzo_hipoteca_30 | E9: 8.8028 | F9: 7.7827 | G9: 9.8228 | H9: 20116 | I9: C4 | J9: =IF(ISNUMBER(G9),G9-F9,"")
A10: 2025 | B10: total | C10: Total | D10: hacinamiento | E10: 8.6255 | F10: 7.826 | G10: 9.4251 | H10: 71191 | I10: C4 | J10: =IF(ISNUMBER(G10),G10-F10,"")
A11: 2025 | B11: total | C11: Total | D11: tenencia_1 | E11: 45.5223 | F11: 44.6058 | G11: 46.4387 | H11: 71398 | I11: C4 | J11: =IF(ISNUMBER(G11),G11-F11,"")
A12: 2025 | B12: total | C12: Total | D12: tenencia_2 | E12: 28.1333 | F12: 27.3029 | G12: 28.9636 | H12: 71398 | I12: C4 | J12: =IF(ISNUMBER(G12),G12-F12,"")
A13: 2025 | B13: total | C13: Total | D13: tenencia_3 | E13: 17.3503 | F13: 16.4476 | G13: 18.253 | H13: 71398 | I13: C4 | J13: =IF(ISNUMBER(G13),G13-F13,"")
A14: 2025 | B14: total | C14: Total | D14: tenencia_4 | E14: 3.45 | F14: 3.0901 | G14: 3.8099 | H14: 71398 | I14: C4 | J14: =IF(ISNUMBER(G14),G14-F14,"")
A15: 2025 | B15: total | C15: Total | D15: tenencia_5 | E15: 5.5441 | F15: 5.1768 | G15: 5.9115 | H15: 71398 | I15: C4 | J15: =IF(ISNUMBER(G15),G15-F15,"")
A16: 2025 | B16: total | C16: Total | D16: esfuerzo_alquiler_mediana | E16: 22.0562 | F16: 21.1879 | G16: 23.0747 | H16: 8856 | I16: C4 | J16: =IF(ISNUMBER(G16),G16-F16,"")
... A622: 2025 | B622: tenencia | C622: propiedad sin hipoteca | D622: hacinamiento | E622: 5.183 | F622: 4.3793 | G622: 5.9868 | H622: 34303 | I622: C4 | J622: =IF(ISNUMBER(G622),G622-F622,"")
