Workbook

Sheet Resumen
A1: CCAA | B1: Variación IPV 2022T3-último | C1: Variación IPC alquiler 2022T3-último | D1: Mejor modelo compra (RMSE×100) | E1: Mejor modelo alquiler (RMSE×100)
A2: Andalucía | B2: ='01_Andalucia'!G6 | C2: ='01_Andalucia'!G9 | D2: ='01_Andalucia'!B13 | E2: ='01_Andalucia'!B12
A3: Aragón | B3: ='02_Aragon'!G6 | C3: ='02_Aragon'!G9 | D3: ='02_Aragon'!B13 | E3: ='02_Aragon'!B12
A4: Asturias | B4: ='03_Asturias'!G6 | C4: ='03_Asturias'!G9 | D4: ='03_Asturias'!B13 | E4: ='03_Asturias'!B12
A5: Illes Balears | B5: ='04_Illes_Balears'!G6 | C5: ='04_Illes_Balears'!G9 | D5: ='04_Illes_Balears'!B13 | E5: ='04_Illes_Balears'!B12
A6: Canarias | B6: ='05_Canarias'!G6 | C6: ='05_Canarias'!G9 | D6: ='05_Canarias'!B13 | E6: ='05_Canarias'!B12
A7: Cantabria | B7: ='06_Cantabria'!G6 | C7: ='06_Cantabria'!G9 | D7: ='06_Cantabria'!B13 | E7: ='06_Cantabria'!B12
A8: Castilla y León | B8: ='07_Castilla_y_Leon'!G6 | C8: ='07_Castilla_y_Leon'!G9 | D8: ='07_Castilla_y_Leon'!B13 | E8: ='07_Castilla_y_Leon'!B12
A9: Castilla-La Mancha | B9: ='08_Castilla_La_Mancha'!G6 | C9: ='08_Castilla_La_Mancha'!G9 | D9: ='08_Castilla_La_Mancha'!B13 | E9: ='08_Castilla_La_Mancha'!B12
A10: Cataluña | B10: ='09_Cataluna'!G6 | C10: ='09_Cataluna'!G9 | D10: ='09_Cataluna'!B13 | E10: ='09_Cataluna'!B12
A11: Comunitat Valenciana | B11: ='10_Comunitat_Valenciana'!G6 | C11: ='10_Comunitat_Valenciana'!G9 | D11: ='10_Comunitat_Valenciana'!B13 | E11: ='10_Comunitat_Valenciana'!B12
A12: Extremadura | B12: ='11_Extremadura'!G6 | C12: ='11_Extremadura'!G9 | D12: ='11_Extremadura'!B13 | E12: ='11_Extremadura'!B12
A13: Galicia | B13: ='12_Galicia'!G6 | C13: ='12_Galicia'!G9 | D13: ='12_Galicia'!B13 | E13: ='12_Galicia'!B12
A14: Comunidad de Madrid | B14: ='13_Comunidad_de_Madrid'!G6 | C14: ='13_Comunidad_de_Madrid'!G9 | D14: ='13_Comunidad_de_Madrid'!B13 | E14: ='13_Comunidad_de_Madrid'!B12
A15: Región de Murcia | B15: ='14_Region_de_Murcia'!G6 | C15: ='14_Region_de_Murcia'!G9 | D15: ='14_Region_de_Murcia'!B13 | E15: ='14_Region_de_Murcia'!B12
A16: Comunidad Foral de Navarra | B16: ='15_Comunidad_Foral_de_Navarra'!G6 | C16: ='15_Comunidad_Foral_de_Navarra'!G9 | D16: ='15_Comunidad_Foral_de_Navarra'!B13 | E16: ='15_Comunidad_Foral_de_Navarra'!B12
A17: País Vasco | B17: ='16_Pais_Vasco'!G6 | C17: ='16_Pais_Vasco'!G9 | D17: ='16_Pais_Vasco'!B13 | E17: ='16_Pais_Vasco'!B12
A18: La Rioja | B18: ='17_La_Rioja'!G6 | C18: ='17_La_Rioja'!G9 | D18: ='17_La_Rioja'!B13 | E18: ='17_La_Rioja'!B12
A19: Media simple de las 17 CCAA | B19: =AVERAGE(B2:B18) | C19: =AVERAGE(C2:C18)
A21: Enlaces en verde a cada hoja; la media es un cálculo de esta hoja. Fuente de las series: panel_ccaa_q_v7.csv (INE). informativo, muestra ya vista en v1

Sheet 01_Andalucia
A1: Andalucía (01): informativo, muestra ya vista en v1; C4; asociación
A3: Serie | B3: Periodo | C3: Inicio | D3: Valor inicio | E3: Fin | F3: Valor fin | G3: Variación | H3: Fuente
A4: IPV (INE) | B4: 2014T1-2019T4 | C4: 2014Q1 | D4: 53.316 | E4: 2019Q4 | F4: 66.17 | G4: =F4/D4-1 | H4: panel_ccaa_q_v7.csv, INE, hasta 2026Q2
A5: IPV (INE) | B5: 2020T1-2022T2 | C5: 2020Q1 | D5: 66.665 | E5: 2022Q2 | F5: 76.202 | G5: =F5/D5-1 | H5: panel_ccaa_q_v7.csv, INE, hasta 2026Q2
A6: IPV (INE) | B6: 2022T3-último | C6: 2022Q3 | D6: 77.432 | E6: 2026Q2 | F6: 110.903 | G6: =F6/D6-1 | H6: panel_ccaa_q_v7.csv, INE, hasta 2026Q2
A7: IPC alquiler (INE) | B7: 2014T1-2019T4 | C7: 2014Q1 | D7: 88.395 | E7: 2019Q4 | F7: 90.442 | G7: =F7/D7-1 | H7: panel_ccaa_q_v7.csv, INE, hasta 2026Q2
A8: IPC alquiler (INE) | B8: 2020T1-2022T2 | C8: 2020Q1 | D8: 90.660333 | E8: 2022Q2 | F8: 92.447667 | G8: =F8/D8-1 | H8: panel_ccaa_q_v7.csv, INE, hasta 2026Q2
A9: IPC alquiler (INE) | B9: 2022T3-último | C9: 2022Q3 | D9: 92.860667 | E9: 2026Q2 | F9: 102.28433 | G9: =F9/D9-1 | H9: panel_ccaa_q_v7.csv, INE, hasta 2026Q2
A11: Mercado | B11: Mejor modelo | C11: RMSE mejor ×100 | D11: RMSE base más exigente ×100 | E11: Diferencia | F11: ¿Bate a la base más exigente? | G11: Fuente
A12: alquiler | B12: gbm | C12: 0.40493616 | D12: 0.40029169 | E12: =D12-C12 | F12: =IF(E12>0,"sí","no") | G12: output/v7/R5/mejor_por_region.csv; informativo, muestra ya vista en v1
A13: compra | B13: ar4 | C13: 2.8633209 | D13: 2.7017662 | E13: =D13-C13 | F13: =IF(E13>0,"sí","no") | G13: output/v7/R5/mejor_por_region.csv; informativo, muestra ya vista en v1
A15: Mercado | B15: Spec | C15: φ (sin inferencia válida) | D15: Semivida (trim.) | E15: Fuente
A16: alquiler | B16: A | C16: 0.017087166 | D16: =IF(AND(C16<0,C16>-1),LN(0.5)/LN(1+C16),"NA") | E16: output/v7/R4/alquiler/velocidad_ajuste_region.csv
A17: alquiler | B17: B | C17: -0.033816071 | D17: =IF(AND(C17<0,C17>-1),LN(0.5)/LN(1+C17),"NA") | E17: output/v7/R4/alquiler/velocidad_ajuste_region.csv
A18: compra | B18: A | C18: -0.0083091968 | D18: =IF(AND(C18<0,C18>-1),LN(0.5)/LN(1+C18),"NA") | E18: output/v7/R4/compra/velocidad_ajuste_region.csv
A19: compra | B19: B | C19: -0.052744394 | D19: =IF(AND(C19<0,C19>-1),LN(0.5)/LN(1+C19),"NA") | E19: output/v7/R4/compra/velocidad_ajuste_region.csv

Sheet 02_Aragon
A1: Aragón (02): informativo, muestra ya vista en v1; C4; asociación
A3: Serie | B3: Periodo | C3: Inicio | D3: Valor inicio | E3: Fin | F3: Valor fin | G3: Variación | H3: Fuente
A4: IPV (INE) | B4: 2014T1-2019T4 | C4: 2014Q1 | D4: 57.002 | E4: 2019Q4 | F4: 68.594 | G4: =F4/D4-1 | H4: panel_ccaa_q_v7.csv, INE, hasta 2026Q2
A5: IPV (INE) | B5: 2020T1-2022T2 | C5: 2020Q1 | D5: 68.856 | E5: 2022Q2 | F5: 76.634 | G5: =F5/D5-1 | H5: panel_ccaa_q_v7.csv, INE, hasta 2026Q2
A6: IPV (INE) | B6: 2022T3-último | C6: 2022Q3 | D6: 77.47 | E6: 2026Q2 | F6: 113.472 | G6: =F6/D6-1 | H6: panel_ccaa_q_v7.csv, INE, hasta 2026Q2
A7: IPC alquiler (INE) | B7: 2014T1-2019T4 | C7: 2014Q1 | D7: 88.853667 | E7: 2019Q4 | F7: 90.847333 | G7: =F7/D7-1 | H7: panel_ccaa_q_v7.csv, INE, hasta 2026Q2
A8: IPC alquiler (INE) | B8: 2020T1-2022T2 | C8: 2020Q1 | D8: 91.211 | E8: 2022Q2 | F8: 93.299667 | G8: =F8/D8-1 | H8: panel_ccaa_q_v7.csv, INE, hasta 2026Q2
A9: IPC alquiler (INE) | B9: 2022T3-último | C9: 2022Q3 | D9: 93.648667 | E9: 2026Q2 | F9: 102.43967 | G9: =F9/D9-1 | H9: panel_ccaa_q_v7.csv, INE, hasta 2026Q2
A11: Mercado | B11: Mejor modelo | C11: RMSE mejor ×100 | D11: RMSE base más exigente ×100 | E11: Diferencia | F11: ¿Bate a la base más exigente? | G11: Fuente
A12: alquiler | B12: gbm | C12: 0.3902828 | D12: 0.35791855 | E12: =D12-C12 | F12: =IF(E12>0,"sí","no") | G12: output/v7/R5/mejor_por_region.csv; informativo, muestra ya vista en v1
A13: compra | B13: ar4 | C13: 2.7953331 | D13: 2.5633747 | E13: =D13-C13 | F13: =IF(E13>0,"sí","no") | G13: output/v7/R5/mejor_por_region.csv; informativo, muestra ya vista en v1
A15: Mercado | B15: Spec | C15: φ (sin inferencia válida) | D15: Semivida (trim.) | E15: Fuente
A16: alquiler | B16: A | C16: -0.10426318 | D16: =IF(AND(C16<0,C16>-1),LN(0.5)/LN(1+C16),"NA") | E16: output/v7/R4/alquiler/velocidad_ajuste_region.csv
A17: alquiler | B17: B | C17: -0.13428835 | D17: =IF(AND(C17<0,C17>-1),LN(0.5)/LN(1+C17),"NA") | E17: output/v7/R4/alquiler/velocidad_ajuste_region.csv
A18: compra | B18: A | C18: -0.21079545 | D18: =IF(AND(C18<0,C18>-1),LN(0.5)/LN(1+C18),"NA") | E18: output/v7/R4/compra/velocidad_ajuste_region.csv
A19: compra | B19: B | C19: -0.070111098 | D19: =IF(AND(C19<0,C19>-1),LN(0.5)/LN(1+C19),"NA") | E19: output/v7/R4/compra/velocidad_ajuste_region.csv

Sheet 03_Asturias
A1: Asturias (03): informativo, muestra ya vista en v1; C4; asociación
A3: Serie | B3: Periodo | C3: Inicio | D3: Valor inicio | E3: Fin | F3: Valor fin | G3: Variación | H3: Fuente
A4: IPV (INE) | B4: 2014T1-2019T4 | C4: 2014Q1 | D4: 60.686 | E4: 2019Q4 | F4: 70.069 | G4: =F4/D4-1 | H4: panel_ccaa_q_v7.csv, INE, hasta 2026Q2
A5: IPV (INE) | B5: 2020T1-2022T2 | C5: 2020Q1 | D5: 70.43 | E5: 2022Q2 | F5: 79.104 | G5: =F5/D5-1 | H5: panel_ccaa_q_v7.csv, INE, hasta 2026Q2
A6: IPV (INE) | B6: 2022T3-último | C6: 2022Q3 | D6: 79.578 | E6: 2026Q2 | F6: 114.014 | G6: =F6/D6-1 | H6: panel_ccaa_q_v7.csv, INE, hasta 2026Q2
A7: IPC alquiler (INE) | B7: 2014T1-2019T4 | C7: 2014Q1 | D7: 91.287667 | E7: 2019Q4 | F7: 93.312 | G7: =F7/D7-1 | H7: panel_ccaa_q_v7.csv, INE, hasta 2026Q2
A8: IPC alquiler (INE) | B8: 2020T1-2022T2 | C8: 2020Q1 | D8: 93.362 | E8: 2022Q2 | F8: 94.873 | G8: =F8/D8-1 | H8: panel_ccaa_q_v7.csv, INE, hasta 2026Q2
A9: IPC alquiler (INE) | B9: 2022T3-último | C9: 2022Q3 | D9: 95.296667 | E9: 2026Q2 | F9: 102.73867 | G9: =F9/D9-1 | H9: panel_ccaa_q_v7.csv, INE, hasta 2026Q2
A11: Mercado | B11: Mejor modelo | C11: RMSE mejor ×100 | D11: RMSE base más exigente ×100 | E11: Diferencia | F11: ¿Bate a la base más exigente? | G11: Fuente
A12: alquiler | B12: gbm | C12: 0.36822882 | D12: 0.34081573 | E12: =D12-C12 | F12: =IF(E12>0,"sí","no") | G12: output/v7/R5/mejor_por_region.csv; informativo, muestra ya vista en v1
A13: compra | B13: gbm | C13: 2.5943653 | D13: 2.3194484 | E13: =D13-C13 | F13: =IF(E13>0,"sí","no") | G13: output/v7/R5/mejor_por_region.csv; informativo, muestra ya vista en v1
A15: Mercado | B15: Spec | C15: φ (sin inferencia válida) | D15: Semivida (trim.) | E15: Fuente
A16: alquiler | B16: A | C16: 0.022297903 | D16: =IF(AND(C16<0,C16>-1),LN(0.5)/LN(1+C16),"NA") | E16: output/v7/R4/alquiler/velocidad_ajuste_region.csv
A17: alquiler | B17: B | C17: -0.013387567 | D17: =IF(AND(C17<0,C17>-1),LN(0.5)/LN(1+C17),"NA") | E17: output/v7/R4/alquiler/velocidad_ajuste_region.csv
A18: compra | B18: A | C18: -0.2348129 | D18: =IF(AND(C18<0,C18>-1),LN(0.5)/LN(1+C18),"NA") | E18: output/v7/R4/compra/velocidad_ajuste_region.csv
A19: compra | B19: B | C19: -0.079468924 | D19: =IF(AND(C19<0,C19>-1),LN(0.5)/LN(1+C19),"NA") | E19: output/v7/R4/compra/velocidad_ajuste_region.csv

Sheet 04_Illes_Balears
A1: Illes Balears (04): informativo, muestra ya vista en v1; C4; asociación
A3: Serie | B3: Periodo | C3: Inicio | D3: Valor inicio | E3: Fin | F3: Valor fin | G3: Variación | H3: Fuente
A4: IPV (INE) | B4: 2014T1-2019T4 | C4: 2014Q1 | D4: 47.581 | E4: 2019Q4 | F4: 68.234 | G4: =F4/D4-1 | H4: panel_ccaa_q_v7.csv, INE, hasta 2026Q2
A5: IPV (INE) | B5: 2020T1-2022T2 | C5: 2020Q1 | D5: 69.048 | E5: 2022Q2 | F5: 80.513 | G5: =F5/D5-1 | H5: panel_ccaa_q_v7.csv, INE, hasta 2026Q2
A6: IPV (INE) | B6: 2022T3-último | C6: 2022Q3 | D6: 82.058 | E6: 2026Q2 | F6: 112.048 | G6: =F6/D6-1 | H6: panel_ccaa_q_v7.csv, INE, hasta 2026Q2
A7: IPC alquiler (INE) | B7: 2014T1-2019T4 | C7: 2014Q1 | D7: 84.620333 | E7: 2019Q4 | F7: 90.030333 | G7: =F7/D7-1 | H7: panel_ccaa_q_v7.csv, INE, hasta 2026Q2
A8: IPC alquiler (INE) | B8: 2020T1-2022T2 | C8: 2020Q1 | D8: 90.331 | E8: 2022Q2 | F8: 92.05 | G8: =F8/D8-1 | H8: panel_ccaa_q_v7.csv, INE, hasta 2026Q2
A9: IPC alquiler (INE) | B9: 2022T3-último | C9: 2022Q3 | D9: 92.347667 | E9: 2026Q2 | F9: 103.04467 | G9: =F9/D9-1 | H9: panel_ccaa_q_v7.csv, INE, hasta 2026Q2
A11: Mercado | B11: Mejor modelo | C11: RMSE mejor ×100 | D11: RMSE base más exigente ×100 | E11: Diferencia | F11: ¿Bate a la base más exigente? | G11: Fuente
A12: alquiler | B12: mixto | C12: 0.68414236 | D12: 0.67910274 | E12: =D12-C12 | F12: =IF(E12>0,"sí","no") | G12: output/v7/R5/mejor_por_region.csv; informativo, muestra ya vista en v1
A13: compra | B13: ar4 | C13: 3.0472605 | D13: 3.0579841 | E13: =D13-C13 | F13: =IF(E13>0,"sí","no") | G13: output/v7/R5/mejor_por_region.csv; informativo, muestra ya vista en v1
A15: Mercado | B15: Spec | C15: φ (sin inferencia válida) | D15: Semivida (trim.) | E15: Fuente
A16: alquiler | B16: A | C16: -0.086963831 | D16: =IF(AND(C16<0,C16>-1),LN(0.5)/LN(1+C16),"NA") | E16: output/v7/R4/alquiler/velocidad_ajuste_region.csv
A17: alquiler | B17: B | C17: 0.011218826 | D17: =IF(AND(C17<0,C17>-1),LN(0.5)/LN(1+C17),"NA") | E17: output/v7/R4/alquiler/velocidad_ajuste_region.csv
A18: compra | B18: A | C18: -0.011778042 | D18: =IF(AND(C18<0,C18>-1),LN(0.5)/LN(1+C18),"NA") | E18: output/v7/R4/compra/velocidad_ajuste_region.csv
A19: compra | B19: B | C19: -0.016724246 | D19: =IF(AND(C19<0,C19>-1),LN(0.5)/LN(1+C19),"NA") | E19: output/v7/R4/compra/velocidad_ajuste_region.csv

Sheet 05_Canarias
A1: Canarias (05): informativo, muestra ya vista en v1; C4; asociación
A3: Serie | B3: Periodo | C3: Inicio | D3: Valor inicio | E3: Fin | F3: Valor fin | G3: Variación | H3: Fuente
A4: IPV (INE) | B4: 2014T1-2019T4 | C4: 2014Q1 | D4: 54.539 | E4: 2019Q4 | F4: 67.811 | G4: =F4/D4-1 | H4: panel_ccaa_q_v7.csv, INE, hasta 2026Q2
A5: IPV (INE) | B5: 2020T1-2022T2 | C5: 2020Q1 | D5: 68.192 | E5: 2022Q2 | F5: 78.534 | G5: =F5/D5-1 | H5: panel_ccaa_q_v7.csv, INE, hasta 2026Q2
A6: IPV (INE) | B6: 2022T3-último | C6: 2022Q3 | D6: 79.323 | E6: 2026Q2 | F6: 110.44 | G6: =F6/D6-1 | H6: panel_ccaa_q_v7.csv, INE, hasta 2026Q2
A7: IPC alquiler (INE) | B7: 2014T1-2019T4 | C7: 2014Q1 | D7: 88.586 | E7: 2019Q4 | F7: 91.056667 | G7: =F7/D7-1 | H7: panel_ccaa_q_v7.csv, INE, hasta 2026Q2
A8: IPC alquiler (INE) | B8: 2020T1-2022T2 | C8: 2020Q1 | D8: 91.512 | E8: 2022Q2 | F8: 93.123667 | G8: =F8/D8-1 | H8: panel_ccaa_q_v7.csv, INE, hasta 2026Q2
A9: IPC alquiler (INE) | B9: 2022T3-último | C9: 2022Q3 | D9: 93.628667 | E9: 2026Q2 | F9: 101.86733 | G9: =F9/D9-1 | H9: panel_ccaa_q_v7.csv, INE, hasta 2026Q2
A11: Mercado | B11: Mejor modelo | C11: RMSE mejor ×100 | D11: RMSE base más exigente ×100 | E11: Diferencia | F11: ¿Bate a la base más exigente? | G11: Fuente
A12: alquiler | B12: gbm | C12: 0.41092544 | D12: 0.41813164 | E12: =D12-C12 | F12: =IF(E12>0,"sí","no") | G12: output/v7/R5/mejor_por_region.csv; informativo, muestra ya vista en v1
A13: compra | B13: ar4 | C13: 2.6457183 | D13: 2.5612716 | E13: =D13-C13 | F13: =IF(E13>0,"sí","no") | G13: output/v7/R5/mejor_por_region.csv; informativo, muestra ya vista en v1
A15: Mercado | B15: Spec | C15: φ (sin inferencia válida) | D15: Semivida (trim.) | E15: Fuente
A16: alquiler | B16: A | C16: -0.14021288 | D16: =IF(AND(C16<0,C16>-1),LN(0.5)/LN(1+C16),"NA") | E16: output/v7/R4/alquiler/velocidad_ajuste_region.csv
A17: alquiler | B17: B | C17: -0.10520453 | D17: =IF(AND(C17<0,C17>-1),LN(0.5)/LN(1+C17),"NA") | E17: output/v7/R4/alquiler/velocidad_ajuste_region.csv
A18: compra | B18: A | C18: -0.31752405 | D18: =IF(AND(C18<0,C18>-1),LN(0.5)/LN(1+C18),"NA") | E18: output/v7/R4/compra/velocidad_ajuste_region.csv
A19: compra | B19: B | C19: -0.10169991 | D19: =IF(AND(C19<0,C19>-1),LN(0.5)/LN(1+C19),"NA") | E19: output/v7/R4/compra/velocidad_ajuste_region.csv

Sheet 06_Cantabria
A1: Cantabria (06): informativo, muestra ya vista en v1; C4; asociación
A3: Serie | B3: Periodo | C3: Inicio | D3: Valor inicio | E3: Fin | F3: Valor fin | G3: Variación | H3: Fuente
A4: IPV (INE) | B4: 2014T1-2019T4 | C4: 2014Q1 | D4: 55.077 | E4: 2019Q4 | F4: 66.941 | G4: =F4/D4-1 | H4: panel_ccaa_q_v7.csv, INE, hasta 2026Q2
A5: IPV (INE) | B5: 2020T1-2022T2 | C5: 2020Q1 | D5: 67.06 | E5: 2022Q2 | F5: 77.797 | G5: =F5/D5-1 | H5: panel_ccaa_q_v7.csv, INE, hasta 2026Q2
A6: IPV (INE) | B6: 2022T3-último | C6: 2022Q3 | D6: 79.005 | E6: 2026Q2 | F6: 111.313 | G6: =F6/D6-1 | H6: panel_ccaa_q_v7.csv, INE, hasta 2026Q2
A7: IPC alquiler (INE) | B7: 2014T1-2019T4 | C7: 2014Q1 | D7: 90.617 | E7: 2019Q4 | F7: 92.122 | G7: =F7/D7-1 | H7: panel_ccaa_q_v7.csv, INE, hasta 2026Q2
A8: IPC alquiler (INE) | B8: 2020T1-2022T2 | C8: 2020Q1 | D8: 92.326333 | E8: 2022Q2 | F8: 93.682667 | G8: =F8/D8-1 | H8: panel_ccaa_q_v7.csv, INE, hasta 2026Q2
A9: IPC alquiler (INE) | B9: 2022T3-último | C9: 2022Q3 | D9: 93.983667 | E9: 2026Q2 | F9: 102.542 | G9: =F9/D9-1 | H9: panel_ccaa_q_v7.csv, INE, hasta 2026Q2
A11: Mercado | B11: Mejor modelo | C11: RMSE mejor ×100 | D11: RMSE base más exigente ×100 | E11: Diferencia | F11: ¿Bate a la base más exigente? | G11: Fuente
A12: alquiler | B12: gbm | C12: 0.451345 | D12: 0.42789652 | E12: =D12-C12 | F12: =IF(E12>0,"sí","no") | G12: output/v7/R5/mejor_por_region.csv; informativo, muestra ya vista en v1
A13: compra | B13: ar4 | C13: 2.8778285 | D13: 2.6403446 | E13: =D13-C13 | F13: =IF(E13>0,"sí","no") | G13: output/v7/R5/mejor_por_region.csv; informativo, muestra ya vista en v1
A15: Mercado | B15: Spec | C15: φ (sin inferencia válida) | D15: Semivida (trim.) | E15: Fuente
A16: alquiler | B16: A | C16: -0.099107216 | D16: =IF(AND(C16<0,C16>-1),LN(0.5)/LN(1+C16),"NA") | E16: output/v7/R4/alquiler/velocidad_ajuste_region.csv
A17: alquiler | B17: B | C17: -0.12431635 | D17: =IF(AND(C17<0,C17>-1),LN(0.5)/LN(1+C17),"NA") | E17: output/v7/R4/alquiler/velocidad_ajuste_region.csv
A18: compra | B18: A | C18: -0.089550196 | D18: =IF(AND(C18<0,C18>-1),LN(0.5)/LN(1+C18),"NA") | E18: output/v7/R4/compra/velocidad_ajuste_region.csv
A19: compra | B19: B | C19: -0.14910747 | D19: =IF(AND(C19<0,C19>-1),LN(0.5)/LN(1+C19),"NA") | E19: output/v7/R4/compra/velocidad_ajuste_region.csv

Sheet 07_Castilla_y_Leon
A1: Castilla y León (07): informativo, muestra ya vista en v1; C4; asociación
A3: Serie | B3: Periodo | C3: Inicio | D3: Valor inicio | E3: Fin | F3: Valor fin | G3: Variación | H3: Fuente
A4: IPV (INE) | B4: 2014T1-2019T4 | C4: 2014Q1 | D4: 61.37 | E4: 2019Q4 | F4: 71.386 | G4: =F4/D4-1 | H4: panel_ccaa_q_v7.csv, INE, hasta 2026Q2
A5: IPV (INE) | B5: 2020T1-2022T2 | C5: 2020Q1 | D5: 70.949 | E5: 2022Q2 | F5: 79.21 | G5: =F5/D5-1 | H5: panel_ccaa_q_v7.csv, INE, hasta 2026Q2
A6: IPV (INE) | B6: 2022T3-último | C6: 2022Q3 | D6: 80.393 | E6: 2026Q2 | F6: 113.551 | G6: =F6/D6-1 | H6: panel_ccaa_q_v7.csv, INE, hasta 2026Q2
A7: IPC alquiler (INE) | B7: 2014T1-2019T4 | C7: 2014Q1 | D7: 90.980667 | E7: 2019Q4 | F7: 92.103667 | G7: =F7/D7-1 | H7: panel_ccaa_q_v7.csv, INE, hasta 2026Q2
A8: IPC alquiler (INE) | B8: 2020T1-2022T2 | C8: 2020Q1 | D8: 92.251 | E8: 2022Q2 | F8: 94.109 | G8: =F8/D8-1 | H8: panel_ccaa_q_v7.csv, INE, hasta 2026Q2
A9: IPC alquiler (INE) | B9: 2022T3-último | C9: 2022Q3 | D9: 94.521333 | E9: 2026Q2 | F9: 102.17867 | G9: =F9/D9-1 | H9: panel_ccaa_q_v7.csv, INE, hasta 2026Q2
A11: Mercado | B11: Mejor modelo | C11: RMSE mejor ×100 | D11: RMSE base más exigente ×100 | E11: Diferencia | F11: ¿Bate a la base más exigente? | G11: Fuente
A12: alquiler | B12: gbm | C12: 0.33665405 | D12: 0.34604711 | E12: =D12-C12 | F12: =IF(E12>0,"sí","no") | G12: output/v7/R5/mejor_por_region.csv; informativo, muestra ya vista en v1
A13: compra | B13: gbm | C13: 2.6539847 | D13: 2.3210737 | E13: =D13-C13 | F13: =IF(E13>0,"sí","no") | G13: output/v7/R5/mejor_por_region.csv; informativo, muestra ya vista en v1
A15: Mercado | B15: Spec | C15: φ (sin inferencia válida) | D15: Semivida (trim.) | E15: Fuente
A16: alquiler | B16: A | C16: -0.0067313321 | D16: =IF(AND(C16<0,C16>-1),LN(0.5)/LN(1+C16),"NA") | E16: output/v7/R4/alquiler/velocidad_ajuste_region.csv
A17: alquiler | B17: B | C17: -0.028879698 | D17: =IF(AND(C17<0,C17>-1),LN(0.5)/LN(1+C17),"NA") | E17: output/v7/R4/alquiler/velocidad_ajuste_region.csv
A18: compra | B18: A | C18: -0.36816456 | D18: =IF(AND(C18<0,C18>-1),LN(0.5)/LN(1+C18),"NA") | E18: output/v7/R4/compra/velocidad_ajuste_region.csv
A19: compra | B19: B | C19: -0.17408216 | D19: =IF(AND(C19<0,C19>-1),LN(0.5)/LN(1+C19),"NA") | E19: output/v7/R4/compra/velocidad_ajuste_region.csv

Sheet 08_Castilla_La_Mancha
A1: Castilla-La Mancha (08): informativo, muestra ya vista en v1; C4; asociación
A3: Serie | B3: Periodo | C3: Inicio | D3: Valor inicio | E3: Fin | F3: Valor fin | G3: Variación | H3: Fuente
A4: IPV (INE) | B4: 2014T1-2019T4 | C4: 2014Q1 | D4: 67.831 | E4: 2019Q4 | F4: 75.798 | G4: =F4/D4-1 | H4: panel_ccaa_q_v7.csv, INE, hasta 2026Q2
A5: IPV (INE) | B5: 2020T1-2022T2 | C5: 2020Q1 | D5: 75.411 | E5: 2022Q2 | F5: 83.044 | G5: =F5/D5-1 | H5: panel_ccaa_q_v7.csv, INE, hasta 2026Q2
A6: IPV (INE) | B6: 2022T3-último | C6: 2022Q3 | D6: 84.289 | E6: 2026Q2 | F6: 110.864 | G6: =F6/D6-1 | H6: panel_ccaa_q_v7.csv, INE, hasta 2026Q2
A7: IPC alquiler (INE) | B7: 2014T1-2019T4 | C7: 2014Q1 | D7: 90.966667 | E7: 2019Q4 | F7: 91.354333 | G7: =F7/D7-1 | H7: panel_ccaa_q_v7.csv, INE, hasta 2026Q2
A8: IPC alquiler (INE) | B8: 2020T1-2022T2 | C8: 2020Q1 | D8: 91.477667 | E8: 2022Q2 | F8: 93.035667 | G8: =F8/D8-1 | H8: panel_ccaa_q_v7.csv, INE, hasta 2026Q2
A9: IPC alquiler (INE) | B9: 2022T3-último | C9: 2022Q3 | D9: 93.561667 | E9: 2026Q2 | F9: 102.40567 | G9: =F9/D9-1 | H9: panel_ccaa_q_v7.csv, INE, hasta 2026Q2
A11: Mercado | B11: Mejor modelo | C11: RMSE mejor ×100 | D11: RMSE base más exigente ×100 | E11: Diferencia | F11: ¿Bate a la base más exigente? | G11: Fuente
A12: alquiler | B12: gbm | C12: 0.40972048 | D12: 0.35072723 | E12: =D12-C12 | F12: =IF(E12>0,"sí","no") | G12: output/v7/R5/mejor_por_region.csv; informativo, muestra ya vista en v1
A13: compra | B13: pmg | C13: 2.2146576 | D13: 2.3414997 | E13: =D13-C13 | F13: =IF(E13>0,"sí","no") | G13: output/v7/R5/mejor_por_region.csv; informativo, muestra ya vista en v1
A15: Mercado | B15: Spec | C15: φ (sin inferencia válida) | D15: Semivida (trim.) | E15: Fuente
A16: alquiler | B16: A | C16: -0.13195931 | D16: =IF(AND(C16<0,C16>-1),LN(0.5)/LN(1+C16),"NA") | E16: output/v7/R4/alquiler/velocidad_ajuste_region.csv
A17: alquiler | B17: B | C17: -0.02069711 | D17: =IF(AND(C17<0,C17>-1),LN(0.5)/LN(1+C17),"NA") | E17: output/v7/R4/alquiler/velocidad_ajuste_region.csv
A18: compra | B18: A | C18: -0.044716609 | D18: =IF(AND(C18<0,C18>-1),LN(0.5)/LN(1+C18),"NA") | E18: output/v7/R4/compra/velocidad_ajuste_region.csv
A19: compra | B19: B | C19: 0.0059901408 | D19: =IF(AND(C19<0,C19>-1),LN(0.5)/LN(1+C19),"NA") | E19: output/v7/R4/compra/velocidad_ajuste_region.csv

Sheet 09_Cataluna
A1: Cataluña (09): informativo, muestra ya vista en v1; C4; asociación
A3: Serie | B3: Periodo | C3: Inicio | D3: Valor inicio | E3: Fin | F3: Valor fin | G3: Variación | H3: Fuente
A4: IPV (INE) | B4: 2014T1-2019T4 | C4: 2014Q1 | D4: 49.99 | E4: 2019Q4 | F4: 71.981 | G4: =F4/D4-1 | H4: panel_ccaa_q_v7.csv, INE, hasta 2026Q2
A5: IPV (INE) | B5: 2020T1-2022T2 | C5: 2020Q1 | D5: 72.464 | E5: 2022Q2 | F5: 80.612 | G5: =F5/D5-1 | H5: panel_ccaa_q_v7.csv, INE, hasta 2026Q2
A6: IPV (INE) | B6: 2022T3-último | C6: 2022Q3 | D6: 82.337 | E6: 2026Q2 | F6: 109.046 | G6: =F6/D6-1 | H6: panel_ccaa_q_v7.csv, INE, hasta 2026Q2
A7: IPC alquiler (INE) | B7: 2014T1-2019T4 | C7: 2014Q1 | D7: 88.667 | E7: 2019Q4 | F7: 92.486667 | G7: =F7/D7-1 | H7: panel_ccaa_q_v7.csv, INE, hasta 2026Q2
A8: IPC alquiler (INE) | B8: 2020T1-2022T2 | C8: 2020Q1 | D8: 92.775 | E8: 2022Q2 | F8: 95.087 | G8: =F8/D8-1 | H8: panel_ccaa_q_v7.csv, INE, hasta 2026Q2
A9: IPC alquiler (INE) | B9: 2022T3-último | C9: 2022Q3 | D9: 95.441667 | E9: 2026Q2 | F9: 101.70267 | G9: =F9/D9-1 | H9: panel_ccaa_q_v7.csv, INE, hasta 2026Q2
A11: Mercado | B11: Mejor modelo | C11: RMSE mejor ×100 | D11: RMSE base más exigente ×100 | E11: Diferencia | F11: ¿Bate a la base más exigente? | G11: Fuente
A12: alquiler | B12: pmg | C12: 0.2917161 | D12: 0.27639732 | E12: =D12-C12 | F12: =IF(E12>0,"sí","no") | G12: output/v7/R5/mejor_por_region.csv; informativo, muestra ya vista en v1
A13: compra | B13: ar4 | C13: 2.5421173 | D13: 2.8406828 | E13: =D13-C13 | F13: =IF(E13>0,"sí","no") | G13: output/v7/R5/mejor_por_region.csv; informativo, muestra ya vista en v1
A15: Mercado | B15: Spec | C15: φ (sin inferencia válida) | D15: Semivida (trim.) | E15: Fuente
A16: alquiler | B16: A | C16: 0.0088063472 | D16: =IF(AND(C16<0,C16>-1),LN(0.5)/LN(1+C16),"NA") | E16: output/v7/R4/alquiler/velocidad_ajuste_region.csv
A17: alquiler | B17: B | C17: 0.011754009 | D17: =IF(AND(C17<0,C17>-1),LN(0.5)/LN(1+C17),"NA") | E17: output/v7/R4/alquiler/velocidad_ajuste_region.csv
A18: compra | B18: A | C18: -0.11083752 | D18: =IF(AND(C18<0,C18>-1),LN(0.5)/LN(1+C18),"NA") | E18: output/v7/R4/compra/velocidad_ajuste_region.csv
A19: compra | B19: B | C19: -0.060600437 | D19: =IF(AND(C19<0,C19>-1),LN(0.5)/LN(1+C19),"NA") | E19: output/v7/R4/compra/velocidad_ajuste_region.csv

Sheet 10_Comunitat_Valenciana
A1: Comunitat Valenciana (10): informativo, muestra ya vista en v1; C4; asociación
A3: Serie | B3: Periodo | C3: Inicio | D3: Valor inicio | E3: Fin | F3: Valor fin | G3: Variación | H3: Fuente
A4: IPV (INE) | B4: 2014T1-2019T4 | C4: 2014Q1 | D4: 57.024 | E4: 2019Q4 | F4: 69.038 | G4: =F4/D4-1 | H4: panel_ccaa_q_v7.csv, INE, hasta 2026Q2
A5: IPV (INE) | B5: 2020T1-2022T2 | C5: 2020Q1 | D5: 69.334 | E5: 2022Q2 | F5: 78.108 | G5: =F5/D5-1 | H5: panel_ccaa_q_v7.csv, INE, hasta 2026Q2
A6: IPV (INE) | B6: 2022T3-último | C6: 2022Q3 | D6: 78.892 | E6: 2026Q2 | F6: 111.696 | G6: =F6/D6-1 | H6: panel_ccaa_q_v7.csv, INE, hasta 2026Q2
A7: IPC alquiler (INE) | B7: 2014T1-2019T4 | C7: 2014Q1 | D7: 85.949 | E7: 2019Q4 | F7: 88.129 | G7: =F7/D7-1 | H7: panel_ccaa_q_v7.csv, INE, hasta 2026Q2
A8: IPC alquiler (INE) | B8: 2020T1-2022T2 | C8: 2020Q1 | D8: 88.684 | E8: 2022Q2 | F8: 91.081 | G8: =F8/D8-1 | H8: panel_ccaa_q_v7.csv, INE, hasta 2026Q2
A9: IPC alquiler (INE) | B9: 2022T3-último | C9: 2022Q3 | D9: 91.479 | E9: 2026Q2 | F9: 103.282 | G9: =F9/D9-1 | H9: panel_ccaa_q_v7.csv, INE, hasta 2026Q2
A11: Mercado | B11: Mejor modelo | C11: RMSE mejor ×100 | D11: RMSE base más exigente ×100 | E11: Diferencia | F11: ¿Bate a la base más exigente? | G11: Fuente
A12: alquiler | B12: gbm | C12: 0.56526211 | D12: 0.65843058 | E12: =D12-C12 | F12: =IF(E12>0,"sí","no") | G12: output/v7/R5/mejor_por_region.csv; informativo, muestra ya vista en v1
A13: compra | B13: pmg | C13: 2.1966587 | D13: 2.3699144 | E13: =D13-C13 | F13: =IF(E13>0,"sí","no") | G13: output/v7/R5/mejor_por_region.csv; informativo, muestra ya vista en v1
A15: Mercado | B15: Spec | C15: φ (sin inferencia válida) | D15: Semivida (trim.) | E15: Fuente
A16: alquiler | B16: A | C16: -0.14702904 | D16: =IF(AND(C16<0,C16>-1),LN(0.5)/LN(1+C16),"NA") | E16: output/v7/R4/alquiler/velocidad_ajuste_region.csv
A17: alquiler | B17: B | C17: 0.019137007 | D17: =IF(AND(C17<0,C17>-1),LN(0.5)/LN(1+C17),"NA") | E17: output/v7/R4/alquiler/velocidad_ajuste_region.csv
A18: compra | B18: A | C18: -0.18817965 | D18: =IF(AND(C18<0,C18>-1),LN(0.5)/LN(1+C18),"NA") | E18: output/v7/R4/compra/velocidad_ajuste_region.csv
A19: compra | B19: B | C19: -0.1725986 | D19: =IF(AND(C19<0,C19>-1),LN(0.5)/LN(1+C19),"NA") | E19: output/v7/R4/compra/velocidad_ajuste_region.csv

Sheet 11_Extremadura
A1: Extremadura (11): informativo, muestra ya vista en v1; C4; asociación
A3: Serie | B3: Periodo | C3: Inicio | D3: Valor inicio | E3: Fin | F3: Valor fin | G3: Variación | H3: Fuente
A4: IPV (INE) | B4: 2014T1-2019T4 | C4: 2014Q1 | D4: 70.205 | E4: 2019Q4 | F4: 75.627 | G4: =F4/D4-1 | H4: panel_ccaa_q_v7.csv, INE, hasta 2026Q2
A5: IPV (INE) | B5: 2020T1-2022T2 | C5: 2020Q1 | D5: 75.048 | E5: 2022Q2 | F5: 81.921 | G5: =F5/D5-1 | H5: panel_ccaa_q_v7.csv, INE, hasta 2026Q2
A6: IPV (INE) | B6: 2022T3-último | C6: 2022Q3 | D6: 83.021 | E6: 2026Q2 | F6: 111.963 | G6: =F6/D6-1 | H6: panel_ccaa_q_v7.csv, INE, hasta 2026Q2
A7: IPC alquiler (INE) | B7: 2014T1-2019T4 | C7: 2014Q1 | D7: 92.334667 | E7: 2019Q4 | F7: 92.053667 | G7: =F7/D7-1 | H7: panel_ccaa_q_v7.csv, INE, hasta 2026Q2
A8: IPC alquiler (INE) | B8: 2020T1-2022T2 | C8: 2020Q1 | D8: 92.274333 | E8: 2022Q2 | F8: 93.956667 | G8: =F8/D8-1 | H8: panel_ccaa_q_v7.csv, INE, hasta 2026Q2
A9: IPC alquiler (INE) | B9: 2022T3-último | C9: 2022Q3 | D9: 94.262 | E9: 2026Q2 | F9: 101.66467 | G9: =F9/D9-1 | H9: panel_ccaa_q_v7.csv, INE, hasta 2026Q2
A11: Mercado | B11: Mejor modelo | C11: RMSE mejor ×100 | D11: RMSE base más exigente ×100 | E11: Diferencia | F11: ¿Bate a la base más exigente? | G11: Fuente
A12: alquiler | B12: ecm_v1 | C12: 0.49719949 | D12: 0.49590629 | E12: =D12-C12 | F12: =IF(E12>0,"sí","no") | G12: output/v7/R5/mejor_por_region.csv; informativo, muestra ya vista en v1
A13: compra | B13: gbm | C13: 2.691525 | D13: 2.6520569 | E13: =D13-C13 | F13: =IF(E13>0,"sí","no") | G13: output/v7/R5/mejor_por_region.csv; informativo, muestra ya vista en v1
A15: Mercado | B15: Spec | C15: φ (sin inferencia válida) | D15: Semivida (trim.) | E15: Fuente
A16: alquiler | B16: A | C16: -0.044134415 | D16: =IF(AND(C16<0,C16>-1),LN(0.5)/LN(1+C16),"NA") | E16: output/v7/R4/alquiler/velocidad_ajuste_region.csv
A17: alquiler | B17: B | C17: -0.0044112887 | D17: =IF(AND(C17<0,C17>-1),LN(0.5)/LN(1+C17),"NA") | E17: output/v7/R4/alquiler/velocidad_ajuste_region.csv
A18: compra | B18: A | C18: -0.15628937 | D18: =IF(AND(C18<0,C18>-1),LN(0.5)/LN(1+C18),"NA") | E18: output/v7/R4/compra/velocidad_ajuste_region.csv
A19: compra | B19: B | C19: -0.0013138872 | D19: =IF(AND(C19<0,C19>-1),LN(0.5)/LN(1+C19),"NA") | E19: output/v7/R4/compra/velocidad_ajuste_region.csv

Sheet 12_Galicia
A1: Galicia (12): informativo, muestra ya vista en v1; C4; asociación
A3: Serie | B3: Periodo | C3: Inicio | D3: Valor inicio | E3: Fin | F3: Valor fin | G3: Variación | H3: Fuente
A4: IPV (INE) | B4: 2014T1-2019T4 | C4: 2014Q1 | D4: 60.862 | E4: 2019Q4 | F4: 70.736 | G4: =F4/D4-1 | H4: panel_ccaa_q_v7.csv, INE, hasta 2026Q2
A5: IPV (INE) | B5: 2020T1-2022T2 | C5: 2020Q1 | D5: 70.674 | E5: 2022Q2 | F5: 79.813 | G5: =F5/D5-1 | H5: panel_ccaa_q_v7.csv, INE, hasta 2026Q2
A6: IPV (INE) | B6: 2022T3-último | C6: 2022Q3 | D6: 80.336 | E6: 2026Q2 | F6: 111.825 | G6: =F6/D6-1 | H6: panel_ccaa_q_v7.csv, INE, hasta 2026Q2
A7: IPC alquiler (INE) | B7: 2014T1-2019T4 | C7: 2014Q1 | D7: 88.700667 | E7: 2019Q4 | F7: 91.504667 | G7: =F7/D7-1 | H7: panel_ccaa_q_v7.csv, INE, hasta 2026Q2
A8: IPC alquiler (INE) | B8: 2020T1-2022T2 | C8: 2020Q1 | D8: 91.733333 | E8: 2022Q2 | F8: 93.882333 | G8: =F8/D8-1 | H8: panel_ccaa_q_v7.csv, INE, hasta 2026Q2
A9: IPC alquiler (INE) | B9: 2022T3-último | C9: 2022Q3 | D9: 94.372 | E9: 2026Q2 | F9: 102.47833 | G9: =F9/D9-1 | H9: panel_ccaa_q_v7.csv, INE, hasta 2026Q2
A11: Mercado | B11: Mejor modelo | C11: RMSE mejor ×100 | D11: RMSE base más exigente ×100 | E11: Diferencia | F11: ¿Bate a la base más exigente? | G11: Fuente
A12: alquiler | B12: gbm | C12: 0.43446004 | D12: 0.42111448 | E12: =D12-C12 | F12: =IF(E12>0,"sí","no") | G12: output/v7/R5/mejor_por_region.csv; informativo, muestra ya vista en v1
A13: compra | B13: gbm | C13: 2.4899293 | D13: 2.2721321 | E13: =D13-C13 | F13: =IF(E13>0,"sí","no") | G13: output/v7/R5/mejor_por_region.csv; informativo, muestra ya vista en v1
A15: Mercado | B15: Spec | C15: φ (sin inferencia válida) | D15: Semivida (trim.) | E15: Fuente
A16: alquiler | B16: A | C16: 0.013768775 | D16: =IF(AND(C16<0,C16>-1),LN(0.5)/LN(1+C16),"NA") | E16: output/v7/R4/alquiler/velocidad_ajuste_region.csv
A17: alquiler | B17: B | C17: 0.030546117 | D17: =IF(AND(C17<0,C17>-1),LN(0.5)/LN(1+C17),"NA") | E17: output/v7/R4/alquiler/velocidad_ajuste_region.csv
A18: compra | B18: A | C18: -0.21922759 | D18: =IF(AND(C18<0,C18>-1),LN(0.5)/LN(1+C18),"NA") | E18: output/v7/R4/compra/velocidad_ajuste_region.csv
A19: compra | B19: B | C19: -0.17253869 | D19: =IF(AND(C19<0,C19>-1),LN(0.5)/LN(1+C19),"NA") | E19: output/v7/R4/compra/velocidad_ajuste_region.csv

Sheet 13_Comunidad_de_Madrid
A1: Comunidad de Madrid (13): informativo, muestra ya vista en v1; C4; asociación
A3: Serie | B3: Periodo | C3: Inicio | D3: Valor inicio | E3: Fin | F3: Valor fin | G3: Variación | H3: Fuente
A4: IPV (INE) | B4: 2014T1-2019T4 | C4: 2014Q1 | D4: 46.897 | E4: 2019Q4 | F4: 70.425 | G4: =F4/D4-1 | H4: panel_ccaa_q_v7.csv, INE, hasta 2026Q2
A5: IPV (INE) | B5: 2020T1-2022T2 | C5: 2020Q1 | D5: 72.18 | E5: 2022Q2 | F5: 78.442 | G5: =F5/D5-1 | H5: panel_ccaa_q_v7.csv, INE, hasta 2026Q2
A6: IPV (INE) | B6: 2022T3-último | C6: 2022Q3 | D6: 80.228 | E6: 2026Q2 | F6: 111.85 | G6: =F6/D6-1 | H6: panel_ccaa_q_v7.csv, INE, hasta 2026Q2
A7: IPC alquiler (INE) | B7: 2014T1-2019T4 | C7: 2014Q1 | D7: 88.164667 | E7: 2019Q4 | F7: 90.65 | G7: =F7/D7-1 | H7: panel_ccaa_q_v7.csv, INE, hasta 2026Q2
A8: IPC alquiler (INE) | B8: 2020T1-2022T2 | C8: 2020Q1 | D8: 91.02 | E8: 2022Q2 | F8: 92.375333 | G8: =F8/D8-1 | H8: panel_ccaa_q_v7.csv, INE, hasta 2026Q2
A9: IPC alquiler (INE) | B9: 2022T3-último | C9: 2022Q3 | D9: 92.744333 | E9: 2026Q2 | F9: 102.546 | G9: =F9/D9-1 | H9: panel_ccaa_q_v7.csv, INE, hasta 2026Q2
A11: Mercado | B11: Mejor modelo | C11: RMSE mejor ×100 | D11: RMSE base más exigente ×100 | E11: Diferencia | F11: ¿Bate a la base más exigente? | G11: Fuente
A12: alquiler | B12: gbm | C12: 0.53633936 | D12: 0.61214978 | E12: =D12-C12 | F12: =IF(E12>0,"sí","no") | G12: output/v7/R5/mejor_por_region.csv; informativo, muestra ya vista en v1
A13: compra | B13: ar4 | C13: 3.0598092 | D13: 3.2810374 | E13: =D13-C13 | F13: =IF(E13>0,"sí","no") | G13: output/v7/R5/mejor_por_region.csv; informativo, muestra ya vista en v1
A15: Mercado | B15: Spec | C15: φ (sin inferencia válida) | D15: Semivida (trim.) | E15: Fuente
A16: alquiler | B16: A | C16: 0.052714714 | D16: =IF(AND(C16<0,C16>-1),LN(0.5)/LN(1+C16),"NA") | E16: output/v7/R4/alquiler/velocidad_ajuste_region.csv
A17: alquiler | B17: B | C17: -0.015922455 | D17: =IF(AND(C17<0,C17>-1),LN(0.5)/LN(1+C17),"NA") | E17: output/v7/R4/alquiler/velocidad_ajuste_region.csv
A18: compra | B18: A | C18: -0.080429387 | D18: =IF(AND(C18<0,C18>-1),LN(0.5)/LN(1+C18),"NA") | E18: output/v7/R4/compra/velocidad_ajuste_region.csv
A19: compra | B19: B | C19: -0.087602335 | D19: =IF(AND(C19<0,C19>-1),LN(0.5)/LN(1+C19),"NA") | E19: output/v7/R4/compra/velocidad_ajuste_region.csv

Sheet 14_Region_de_Murcia
A1: Región de Murcia (14): informativo, muestra ya vista en v1; C4; asociación
A3: Serie | B3: Periodo | C3: Inicio | D3: Valor inicio | E3: Fin | F3: Valor fin | G3: Variación | H3: Fuente
A4: IPV (INE) | B4: 2014T1-2019T4 | C4: 2014Q1 | D4: 58.678 | E4: 2019Q4 | F4: 68.452 | G4: =F4/D4-1 | H4: panel_ccaa_q_v7.csv, INE, hasta 2026Q2
A5: IPV (INE) | B5: 2020T1-2022T2 | C5: 2020Q1 | D5: 68.351 | E5: 2022Q2 | F5: 79.256 | G5: =F5/D5-1 | H5: panel_ccaa_q_v7.csv, INE, hasta 2026Q2
A6: IPV (INE) | B6: 2022T3-último | C6: 2022Q3 | D6: 79.708 | E6: 2026Q2 | F6: 113.192 | G6: =F6/D6-1 | H6: panel_ccaa_q_v7.csv, INE, hasta 2026Q2
A7: IPC alquiler (INE) | B7: 2014T1-2019T4 | C7: 2014Q1 | D7: 93.474333 | E7: 2019Q4 | F7: 93.746667 | G7: =F7/D7-1 | H7: panel_ccaa_q_v7.csv, INE, hasta 2026Q2
A8: IPC alquiler (INE) | B8: 2020T1-2022T2 | C8: 2020Q1 | D8: 94.171333 | E8: 2022Q2 | F8: 95.823333 | G8: =F8/D8-1 | H8: panel_ccaa_q_v7.csv, INE, hasta 2026Q2
A9: IPC alquiler (INE) | B9: 2022T3-último | C9: 2022Q3 | D9: 96.041667 | E9: 2026Q2 | F9: 103.01367 | G9: =F9/D9-1 | H9: panel_ccaa_q_v7.csv, INE, hasta 2026Q2
A11: Mercado | B11: Mejor modelo | C11: RMSE mejor ×100 | D11: RMSE base más exigente ×100 | E11: Diferencia | F11: ¿Bate a la base más exigente? | G11: Fuente
A12: alquiler | B12: gbm | C12: 0.44645067 | D12: 0.43256419 | E12: =D12-C12 | F12: =IF(E12>0,"sí","no") | G12: output/v7/R5/mejor_por_region.csv; informativo, muestra ya vista en v1
A13: compra | B13: pmg | C13: 2.9167992 | D13: 2.6325107 | E13: =D13-C13 | F13: =IF(E13>0,"sí","no") | G13: output/v7/R5/mejor_por_region.csv; informativo, muestra ya vista en v1
A15: Mercado | B15: Spec | C15: φ (sin inferencia válida) | D15: Semivida (trim.) | E15: Fuente
A16: alquiler | B16: A | C16: -0.04129637 | D16: =IF(AND(C16<0,C16>-1),LN(0.5)/LN(1+C16),"NA") | E16: output/v7/R4/alquiler/velocidad_ajuste_region.csv
A17: alquiler | B17: B | C17: -0.0056763252 | D17: =IF(AND(C17<0,C17>-1),LN(0.5)/LN(1+C17),"NA") | E17: output/v7/R4/alquiler/velocidad_ajuste_region.csv
A18: compra | B18: A | C18: -0.067540851 | D18: =IF(AND(C18<0,C18>-1),LN(0.5)/LN(1+C18),"NA") | E18: output/v7/R4/compra/velocidad_ajuste_region.csv
A19: compra | B19: B | C19: -0.071786331 | D19: =IF(AND(C19<0,C19>-1),LN(0.5)/LN(1+C19),"NA") | E19: output/v7/R4/compra/velocidad_ajuste_region.csv

Sheet 15_Comunidad_Foral_de_Navarra
A1: Comunidad Foral de Navarra (15): informativo, muestra ya vista en v1; C4; asociación
A3: Serie | B3: Periodo | C3: Inicio | D3: Valor inicio | E3: Fin | F3: Valor fin | G3: Variación | H3: Fuente
A4: IPV (INE) | B4: 2014T1-2019T4 | C4: 2014Q1 | D4: 60.946 | E4: 2019Q4 | F4: 68.6 | G4: =F4/D4-1 | H4: panel_ccaa_q_v7.csv, INE, hasta 2026Q2
A5: IPV (INE) | B5: 2020T1-2022T2 | C5: 2020Q1 | D5: 69.84 | E5: 2022Q2 | F5: 76.371 | G5: =F5/D5-1 | H5: panel_ccaa_q_v7.csv, INE, hasta 2026Q2
A6: IPV (INE) | B6: 2022T3-último | C6: 2022Q3 | D6: 77.299 | E6: 2026Q2 | F6: 109.174 | G6: =F6/D6-1 | H6: panel_ccaa_q_v7.csv, INE, hasta 2026Q2
A7: IPC alquiler (INE) | B7: 2014T1-2019T4 | C7: 2014Q1 | D7: 89.325667 | E7: 2019Q4 | F7: 91.494 | G7: =F7/D7-1 | H7: panel_ccaa_q_v7.csv, INE, hasta 2026Q2
A8: IPC alquiler (INE) | B8: 2020T1-2022T2 | C8: 2020Q1 | D8: 92.111 | E8: 2022Q2 | F8: 94.43 | G8: =F8/D8-1 | H8: panel_ccaa_q_v7.csv, INE, hasta 2026Q2
A9: IPC alquiler (INE) | B9: 2022T3-último | C9: 2022Q3 | D9: 94.898 | E9: 2026Q2 | F9: 101.47767 | G9: =F9/D9-1 | H9: panel_ccaa_q_v7.csv, INE, hasta 2026Q2
A11: Mercado | B11: Mejor modelo | C11: RMSE mejor ×100 | D11: RMSE base más exigente ×100 | E11: Diferencia | F11: ¿Bate a la base más exigente? | G11: Fuente
A12: alquiler | B12: gbm | C12: 0.36772801 | D12: 0.42078763 | E12: =D12-C12 | F12: =IF(E12>0,"sí","no") | G12: output/v7/R5/mejor_por_region.csv; informativo, muestra ya vista en v1
A13: compra | B13: ar4 | C13: 2.6387365 | D13: 2.5476866 | E13: =D13-C13 | F13: =IF(E13>0,"sí","no") | G13: output/v7/R5/mejor_por_region.csv; informativo, muestra ya vista en v1
A15: Mercado | B15: Spec | C15: φ (sin inferencia válida) | D15: Semivida (trim.) | E15: Fuente
A16: alquiler | B16: A | C16: -0.032431382 | D16: =IF(AND(C16<0,C16>-1),LN(0.5)/LN(1+C16),"NA") | E16: output/v7/R4/alquiler/velocidad_ajuste_region.csv
A17: alquiler | B17: B | C17: -0.03902515 | D17: =IF(AND(C17<0,C17>-1),LN(0.5)/LN(1+C17),"NA") | E17: output/v7/R4/alquiler/velocidad_ajuste_region.csv
A18: compra | B18: A | C18: -0.27143298 | D18: =IF(AND(C18<0,C18>-1),LN(0.5)/LN(1+C18),"NA") | E18: output/v7/R4/compra/velocidad_ajuste_region.csv
A19: compra | B19: B | C19: -0.065336603 | D19: =IF(AND(C19<0,C19>-1),LN(0.5)/LN(1+C19),"NA") | E19: output/v7/R4/compra/velocidad_ajuste_region.csv

Sheet 16_Pais_Vasco
A1: País Vasco (16): informativo, muestra ya vista en v1; C4; asociación
A3: Serie | B3: Periodo | C3: Inicio | D3: Valor inicio | E3: Fin | F3: Valor fin | G3: Variación | H3: Fuente
A4: IPV (INE) | B4: 2014T1-2019T4 | C4: 2014Q1 | D4: 59.814 | E4: 2019Q4 | F4: 71.28 | G4: =F4/D4-1 | H4: panel_ccaa_q_v7.csv, INE, hasta 2026Q2
A5: IPV (INE) | B5: 2020T1-2022T2 | C5: 2020Q1 | D5: 73.235 | E5: 2022Q2 | F5: 79.161 | G5: =F5/D5-1 | H5: panel_ccaa_q_v7.csv, INE, hasta 2026Q2
A6: IPV (INE) | B6: 2022T3-último | C6: 2022Q3 | D6: 80.889 | E6: 2026Q2 | F6: 109.329 | G6: =F6/D6-1 | H6: panel_ccaa_q_v7.csv, INE, hasta 2026Q2
A7: IPC alquiler (INE) | B7: 2014T1-2019T4 | C7: 2014Q1 | D7: 91.983 | E7: 2019Q4 | F7: 92.65 | G7: =F7/D7-1 | H7: panel_ccaa_q_v7.csv, INE, hasta 2026Q2
A8: IPC alquiler (INE) | B8: 2020T1-2022T2 | C8: 2020Q1 | D8: 92.828667 | E8: 2022Q2 | F8: 95.169 | G8: =F8/D8-1 | H8: panel_ccaa_q_v7.csv, INE, hasta 2026Q2
A9: IPC alquiler (INE) | B9: 2022T3-último | C9: 2022Q3 | D9: 95.498333 | E9: 2026Q2 | F9: 101.26667 | G9: =F9/D9-1 | H9: panel_ccaa_q_v7.csv, INE, hasta 2026Q2
A11: Mercado | B11: Mejor modelo | C11: RMSE mejor ×100 | D11: RMSE base más exigente ×100 | E11: Diferencia | F11: ¿Bate a la base más exigente? | G11: Fuente
A12: alquiler | B12: mixto | C12: 0.37027692 | D12: 0.38799846 | E12: =D12-C12 | F12: =IF(E12>0,"sí","no") | G12: output/v7/R5/mejor_por_region.csv; informativo, muestra ya vista en v1
A13: compra | B13: gbm | C13: 3.0177846 | D13: 2.5341222 | E13: =D13-C13 | F13: =IF(E13>0,"sí","no") | G13: output/v7/R5/mejor_por_region.csv; informativo, muestra ya vista en v1
A15: Mercado | B15: Spec | C15: φ (sin inferencia válida) | D15: Semivida (trim.) | E15: Fuente
A16: alquiler | B16: A | C16: 0.0045177937 | D16: =IF(AND(C16<0,C16>-1),LN(0.5)/LN(1+C16),"NA") | E16: output/v7/R4/alquiler/velocidad_ajuste_region.csv
A17: alquiler | B17: B | C17: -0.027542704 | D17: =IF(AND(C17<0,C17>-1),LN(0.5)/LN(1+C17),"NA") | E17: output/v7/R4/alquiler/velocidad_ajuste_region.csv
A18: compra | B18: A | C18: -0.27221438 | D18: =IF(AND(C18<0,C18>-1),LN(0.5)/LN(1+C18),"NA") | E18: output/v7/R4/compra/velocidad_ajuste_region.csv
A19: compra | B19: B | C19: -0.1340314 | D19: =IF(AND(C19<0,C19>-1),LN(0.5)/LN(1+C19),"NA") | E19: output/v7/R4/compra/velocidad_ajuste_region.csv

Sheet 17_La_Rioja
A1: La Rioja (17): informativo, muestra ya vista en v1; C4; asociación
A3: Serie | B3: Periodo | C3: Inicio | D3: Valor inicio | E3: Fin | F3: Valor fin | G3: Variación | H3: Fuente
A4: IPV (INE) | B4: 2014T1-2019T4 | C4: 2014Q1 | D4: 59.449 | E4: 2019Q4 | F4: 69.86 | G4: =F4/D4-1 | H4: panel_ccaa_q_v7.csv, INE, hasta 2026Q2
A5: IPV (INE) | B5: 2020T1-2022T2 | C5: 2020Q1 | D5: 70.211 | E5: 2022Q2 | F5: 78.132 | G5: =F5/D5-1 | H5: panel_ccaa_q_v7.csv, INE, hasta 2026Q2
A6: IPV (INE) | B6: 2022T3-último | C6: 2022Q3 | D6: 79.856 | E6: 2026Q2 | F6: 113.309 | G6: =F6/D6-1 | H6: panel_ccaa_q_v7.csv, INE, hasta 2026Q2
A7: IPC alquiler (INE) | B7: 2014T1-2019T4 | C7: 2014Q1 | D7: 93.741667 | E7: 2019Q4 | F7: 91.688667 | G7: =F7/D7-1 | H7: panel_ccaa_q_v7.csv, INE, hasta 2026Q2
A8: IPC alquiler (INE) | B8: 2020T1-2022T2 | C8: 2020Q1 | D8: 92.148 | E8: 2022Q2 | F8: 94.567 | G8: =F8/D8-1 | H8: panel_ccaa_q_v7.csv, INE, hasta 2026Q2
A9: IPC alquiler (INE) | B9: 2022T3-último | C9: 2022Q3 | D9: 95.15 | E9: 2026Q2 | F9: 102.759 | G9: =F9/D9-1 | H9: panel_ccaa_q_v7.csv, INE, hasta 2026Q2
A11: Mercado | B11: Mejor modelo | C11: RMSE mejor ×100 | D11: RMSE base más exigente ×100 | E11: Diferencia | F11: ¿Bate a la base más exigente? | G11: Fuente
A12: alquiler | B12: gbm | C12: 0.41654259 | D12: 0.39913337 | E12: =D12-C12 | F12: =IF(E12>0,"sí","no") | G12: output/v7/R5/mejor_por_region.csv; informativo, muestra ya vista en v1
A13: compra | B13: ar4 | C13: 3.2000998 | D13: 2.4888805 | E13: =D13-C13 | F13: =IF(E13>0,"sí","no") | G13: output/v7/R5/mejor_por_region.csv; informativo, muestra ya vista en v1
A15: Mercado | B15: Spec | C15: φ (sin inferencia válida) | D15: Semivida (trim.) | E15: Fuente
A16: alquiler | B16: A | C16: -0.099223924 | D16: =IF(AND(C16<0,C16>-1),LN(0.5)/LN(1+C16),"NA") | E16: output/v7/R4/alquiler/velocidad_ajuste_region.csv
A17: alquiler | B17: B | C17: -0.013677494 | D17: =IF(AND(C17<0,C17>-1),LN(0.5)/LN(1+C17),"NA") | E17: output/v7/R4/alquiler/velocidad_ajuste_region.csv
A18: compra | B18: A | C18: -0.17851114 | D18: =IF(AND(C18<0,C18>-1),LN(0.5)/LN(1+C18),"NA") | E18: output/v7/R4/compra/velocidad_ajuste_region.csv
A19: compra | B19: B | C19: -0.06643463 | D19: =IF(AND(C19<0,C19>-1),LN(0.5)/LN(1+C19),"NA") | E19: output/v7/R4/compra/velocidad_ajuste_region.csv
